word,pos,cefr_level,uk_ipa,us_ipa,uk_audio,us_audio,definition,example
"a","noun","","eɪ","eɪ","/media/english/uk_pron/u/uka/uka__/uka____001.mp3","/media/english/us_pron/a/a_0/a_01_/a_01_00.mp3","the first letter of the English alphabet",""
"a","determiner","","ə","ə","/media/english/uk_pron/u/uka/uka__/uka____001.mp3","/media/english/us_pron/a/a_0/a_01_/a_01_00.mp3","used before a noun to refer to a single thing or person that has not been mentioned before, especially when you are not referring to a particular thing or person:","I've bought a car."
"a","noun","","","","","","written abbreviation for amp",""
"a","preposition","","","ə","","/media/english/us_pron/a/a_0/a_01_/a_01_00.mp3","in or for each or every; per:","Take one tablet three times a day."
"a","noun","","","eɪ","","/media/english/us_pron/a/a_0/a_01_/a_01_00.mp3","the first letter of the English alphabet",""
"abandon","verb","","əˈbæn.dən","əˈbæn.dən","/media/english/uk_pron/u/uka/uka__/uka____013.mp3","/media/english/us_pron/a/aba/aband/abandon.mp3","to leave a place, thing, or person, usually for ever:","We had to abandon the car."
"abandon","noun","","əˈbæn.dən","əˈbæn.dən","/media/english/uk_pron/u/uka/uka__/uka____013.mp3","/media/english/us_pron/a/aba/aband/abandon.mp3","in a completely uncontrolled way:","We danced with wild abandon."
"abandon","verb","","","əˈbæn·dən","","/media/english/us_pron/a/aba/aband/abandon.mp3","to leave behind or run away from someone or something, or to give up something:","Air attacks forced the villagers to abandon their homes."
"abandon","verb","","əˈbændən","","/media/english/uk_pron/u/uka/uka__/uka____013.mp3","","to stop an activity before it is finished, usually because you think you cannot succeed:","The car maker has abandoned its plans to build a giant new plant."
"ability","noun","","əˈbɪl.ə.ti","əˈbɪl.ə.t̬i","/media/english/uk_pron/u/uka/ukabd/ukabdic018.mp3","/media/english/us_pron/e/eus/eus70/eus70013.mp3","the physical or mental power or skill needed to do something:","There's no doubting her ability."
"ability","suffix","","-ə.bɪl.ə.ti","-ə.bɪl.ə.t̬i","/media/english/uk_pron/u/uka/ukabd/ukabdic018.mp3","/media/english/us_pron/e/eus/eus70/eus70013.mp3","used to form nouns from adjectives ending in ""-able"" to mean the quality of being the stated adjective:","suitability"
"ability","noun","","","əˈbɪl·ɪ·t̬i","","/media/english/us_pron/e/eus/eus70/eus70013.mp3","the mental or physical power or skill needed to do something:","They should not be taking in somebody they don't have the ability to care for."
"ability","noun","","əˈbɪləti","","/media/english/uk_pron/u/uka/ukabd/ukabdic018.mp3","","the power or skill needed to do something, or the fact that someone is able to do something:","There's no doubting her ability."
"able","adjective","","","","","","to have the necessary physical strength, mental power, skill, time, money, or opportunity to do something:","Will she be able to cope with the work?"
"able","suffix","","","","","","added to verbs to form adjectives that mean able to receive the action of the stated verb:","breakable"
"able","adjective","","","ˈeɪ·bəl","","/media/english/us_pron/a/abl/able_/able.mp3","having what is needed to do something, esp. the physical or mental power, skill, time, money, or opportunity:","I lost my job and wasn’t able to afford my old apartment."
"abolish","verb","","əˈbɒl.ɪʃ","əˈbɑː.lɪʃ","/media/english/uk_pron/u/uka/ukabn/ukabnor005.mp3","/media/english/us_pron/a/abo/aboli/abolish.mp3","to end an activity or custom officially:","I think bullfighting should be abolished."
"abolish","verb","","","əˈbɑl·ɪʃ","","/media/english/us_pron/a/abo/aboli/abolish.mp3","to put an end to something, such as an organization, rule, or custom:","Massachusetts voters abolished rent control."
"abolish","verb","","əˈbɒlɪʃ","","/media/english/uk_pron/u/uka/ukabn/ukabnor005.mp3","","to end an activity, custom, etc. completely or by law or official action:","Educationalists have called on the government to abolish tax on computers."
"abortion","noun","","","","","","the intentional ending of a pregnancy:","Abortion is illegal in some countries."
"about","preposition","","əˈbaʊt","əˈbaʊt","/media/english/uk_pron/u/uka/ukabn/ukabnor020.mp3","/media/english/us_pron/a/abo/about/about.mp3","on the subject of, or connected with:","He's always going on about what a great job he's got."
"about","adverb","","əˈbaʊt","əˈbaʊt","/media/english/uk_pron/u/uka/ukabn/ukabnor020.mp3","/media/english/us_pron/a/abo/about/about.mp3","a little more or less than the stated number or amount:","about six feet tall"
"about","adjective","","əˈbaʊt","əˈbaʊt","/media/english/uk_pron/u/uka/ukabn/ukabnor020.mp3","/media/english/us_pron/a/abo/about/about.mp3","to be going to do something very soon:","I was about to leave when Mark arrived."
"about","preposition","","","əˈbɑʊt","","/media/english/us_pron/a/abo/about/about.mp3","on the subject of; connected with:","""What’s that book about?"" ""It’s about the Civil War."""
"about","adverb","","","əˈbɑʊt","","/media/english/us_pron/a/abo/about/about.mp3","a little more or less than a specific number; approximately:","He’s about six feet tall."
"about","adjective","","","əˈbɑʊt","","/media/english/us_pron/a/abo/about/about.mp3","almost ready to do something, or intending to do something soon:","He looked as if he was about to burst into tears."
"about","preposition","","","əˈbɑʊt","","/media/english/us_pron/a/abo/about/about.mp3","positioned or moving in or near a place:","Reporters stood about, waiting for more news."
"above","adverb","","əˈbʌv","əˈbʌv","/media/english/uk_pron/u/uka/ukabn/ukabnor023.mp3","/media/english/us_pron/a/abo/above/above.mp3","in or to a higher position than something else:","There's a mirror above the sink."
"above","adverb","","əˈbʌv","əˈbʌv","/media/english/uk_pron/u/uka/ukabn/ukabnor023.mp3","/media/english/us_pron/a/abo/above/above.mp3","When used in a piece of writing, ""above"" means higher on the page, or on a previous page:","Please send the articles to the address given above."
"above","adverb","","","əˈbʌv","","/media/english/us_pron/a/abo/above/above.mp3","higher than, more than, or at a level greater than:","The helicopter was hovering above the building."
"above","plural noun","","","əˈbʌv","","/media/english/us_pron/a/abo/above/above.mp3","those mentioned earlier:","All of the above are to be included."
"abroad","adverb","","əˈbrɔːd","əˈbrɑːd","/media/english/uk_pron/u/uka/ukabr/ukabrea004.mp3","/media/english/us_pron/a/abr/abroa/abroad.mp3","in or to a foreign country or countries:","We always go abroad in the summer."
"abroad","adverb","","","əˈbrɔd","","/media/english/us_pron/a/abr/abroa/abroad.mp3","in or to a foreign country or countries:","They used to go abroad every summer."
"absence","noun","","","","","","the fact of not being where you are usually expected to be:","A new manager was appointed during her absence."
"absence","noun","","","ˈæb·səns","","/media/english/us_pron/a/abs/absen/absence.mp3","the state of not being somewhere, or a period in which you are not somewhere:","She has had repeated absences from school this year."
"absence","noun","","","","","","a time when someone is not at work or at the place they are expected to be:","Her absence from the meeting was noted."
"absent","adjective","","","","","","not in the place where you are expected to be, especially at school or work:","John has been absent from school/work for three days now."
"absent","preposition","","","","","","without:","Absent a detailed plan, the project was doomed from the start."
"absent","verb","","æbˈsent","æbˈsent","/media/english/uk_pron/u/uka/ukabr/ukabrea017.mp3","/media/english/us_pron/u/usa/usad6/usad6035.mp3","to not go to a place where you are expected to be, especially a school or place of work:","You cannot choose to absent yourself (from work/school) on a whim."
"absent","adjective","","","","","","not at work or at the place where you are expected to be:","Anna's been absent from work for four days with flu."
"absolute","adjective","","ˈæb.sə.luːt","ˈæb.sə.luːt","/media/english/uk_pron/u/uka/ukabr/ukabrea022.mp3","/media/english/us_pron/a/abs/absol/absolute.mp3","very great or to the largest degree possible:","a man of absolute integrity/discretion"
"absolute","adjective","","","ˈæb·səˌlut","","/media/english/us_pron/a/abs/absol/absolute.mp3","without limit, very great, or to the largest degree possible:","She demanded absolute silence."
"absolute","adjective","","ˈæbsəluːt","","/media/english/uk_pron/u/uka/ukabr/ukabrea022.mp3","","very great or to the largest degree possible:","The board said they had absolute confidence in the CEO, despite the company's difficulties."
"absolutely","adverb","","ˌæb.səˈluːt.li","ˌæb.səˈluːt.li","/media/english/uk_pron/u/uka/ukabr/ukabrea023.mp3","/media/english/us_pron/a/abs/absol/absolutely.mp3","completely:","I believed/trusted him absolutely."
"absolutely","adverb","","","ˈæb·səˌlut·li","","/media/english/us_pron/a/abs/absol/absolutely.mp3","completely; beyond any doubt:","You are absolutely right."
"absorb","verb","","əbˈzɔːb","əbˈsɔːrb","/media/english/uk_pron/u/uka/ukabr/ukabrea027.mp3","/media/english/us_pron/e/eus/eus70/eus70027.mp3","to take something in, especially gradually:","Our countryside is increasingly being absorbed into large cities."
"absorb","verb","","","əbˈzɔrb","","/media/english/us_pron/e/eus/eus70/eus70027.mp3","to take in a liquid, gas, or chemical:","The black clay soil around here doesn’t absorb water very well."
"absorb","verb","","əbˈzɔːb","","/media/english/uk_pron/u/uka/ukabr/ukabrea027.mp3","","if an organization absorbs the cost of something, it pays that cost:","The law school has absorbed most of the expenses so far, but it may have to offer fewer places next year to reduce costs."
"abstract","adjective","","ˈæb.strækt","ˈæb.strækt","/media/english/uk_pron/u/uka/ukabs/ukabsor008.mp3","/media/english/us_pron/a/abs/abstr/abstract.mp3","existing as an idea, feeling, or quality, not as a material object:","Truth and beauty are abstract concepts."
"abstract","noun","","ˈæb.strækt","ˈæb.strækt","/media/english/uk_pron/u/uka/ukabs/ukabsor008.mp3","/media/english/us_pron/a/abs/abstr/abstract.mp3","a short form of a speech, article, book, etc., giving only the most important facts or ideas:","There is a section at the end of the magazine that includes abstracts of recent articles/books."
"abstract","verb","","æbˈstrækt","æbˈstrækt","/media/english/uk_pron/c/cdo/cdo11/cdo1121ukabst0016.mp3","/media/english/us_pron/c/cdo/cdo11/cdo1121usabst0019.mp3","to consider something in a general way or make a general judgment after looking at particular details:","Most interviewees focus on their own experience and do not generalize or abstract the situation."
"abstract","adjective","","","æbˈstrækt","","/media/english/us_pron/a/abs/abstr/abstract.mp3","existing as an idea, feeling, or quality, not as a material object:","""Humanity"" is an abstract idea."
"abstract","noun","","","ˈæb·strækt","","/media/english/us_pron/a/abs/abstr/abstract.mp3","a few sentences that give the main ideas in an article or a scientific paper",""
"abstract","adjective","","ˈæbstrækt","","/media/english/uk_pron/u/uka/ukabs/ukabsor008.mp3","","existing as an idea, feeling, or quality, not as a material object:","""Satisfaction"" is difficult to measure as it is an abstract concept."
"abstract","noun","","ˈæbstrækt","","/media/english/uk_pron/u/uka/ukabs/ukabsor008.mp3","","a shortened form of a speech, article, book, etc., giving the most important facts or ideas:","There is a section at the end of the magazine which includes abstracts of recent articles."
"absurd","adjective","","əbˈsɜːd","əbˈsɝːd","/media/english/uk_pron/u/uka/ukabs/ukabsor014.mp3","/media/english/us_pron/a/abs/absur/absurd.mp3","stupid and unreasonable, or silly in a humorous way:","What an absurd thing to say!"
"absurd","adjective","","","əbˈsɜrd","","/media/english/us_pron/a/abs/absur/absurd.mp3","ridiculous or completely unreasonable:","It is absurd for the council to cut taxes without proposing another way to raise money."
"abundance","noun","","","","","","the situation in which there is more than enough of something:","There was an abundance of food at the wedding."
"abundance","noun","","","əˈbʌn·dəns","","/media/english/us_pron/a/abu/abund/abundance.mp3","an amount that is more than enough:","We all seem to have an abundance of those plastic grocery bags."
"abuse","verb","","əˈbjuːz","əˈbjuːz","/media/english/uk_pron/u/uka/ukabs/ukabsor022.mp3","/media/english/us_pron/u/usz/uszzz/uszzzzc001.mp3","to use something for the wrong purpose in a way that is harmful or morally wrong:","She is continually abusing her position/authority by getting other people to do things for her."
"abuse","noun","","əˈbjuːs","əˈbjuːs","/media/english/uk_pron/u/uka/ukabs/ukabsor021.mp3","/media/english/us_pron/u/usa/usad6/usad6006.mp3","the use of something in a way that is harmful or morally wrong:","The investigation revealed abuses of power committed by the governor's office."
"abuse","noun","","","əˈbjus","","/media/english/us_pron/u/usa/usad6/usad6006.mp3","bad or cruel treatment of a person or animal, or the use of something in an unsuitable or wrong way:","The rescued dogs had been victims of physical abuse."
"abuse","verb","","","əˈbjuz","","/media/english/us_pron/u/usz/uszzz/uszzzzc001.mp3","to treat a person or animal badly or cruelly, or to use something in the wrong way:","He was always welcome but he never abused the privilege by visiting us too often."
"abuse","noun","","əˈbjuːs","","/media/english/uk_pron/u/uka/ukabs/ukabsor021.mp3","","a situation in which a person uses something in a bad or wrong way, especially for their own advantage or pleasure:","The former president has been accused of corruption and abuse of power."
"abuse","verb","","əˈbjuːz","","/media/english/uk_pron/u/uka/ukabs/ukabsor022.mp3","","to use something in a bad or wrong way, especially for your own advantage or pleasure:","The Chief Executive is accused of abusing his position by advising family members when to buy and sell shares."
"academic","adjective","","ˌæk.əˈdem.ɪk","ˌæk.əˈdem.ɪk","/media/english/uk_pron/u/uka/ukac_/ukac___005.mp3","/media/english/us_pron/a/aca/acade/academic.mp3","relating to schools, colleges, and universities, or connected with studying and thinking, not with practical skills:","There was a lot of focus on academic achievement at my school."
"academic","noun","","ˌæk.əˈdem.ɪk","ˌæk.əˈdem.ɪk","/media/english/uk_pron/u/uka/ukac_/ukac___005.mp3","/media/english/us_pron/a/aca/acade/academic.mp3","someone who teaches at a college, or who studies as part of their job",""
"academic","adjective","","","ˌæk·əˈdem·ɪk","","/media/english/us_pron/a/aca/acade/academic.mp3","relating to schools, esp. colleges and universities, or connected with studying and thinking and not with useful skills",""
"academic","noun","","","ˌæk·əˈdem·ɪk","","/media/english/us_pron/a/aca/acade/academic.mp3","a person who teaches in a college or university",""
"academic","adjective","","ˌækəˈdemɪk","","/media/english/uk_pron/u/uka/ukac_/ukac___005.mp3","","relating to schools, colleges, and universities, or connected with studying and thinking rather than practical skills:","Employers nowadays are more interested in candidates' abilities and personality rather than just academic qualifications."
"academic","noun","","ˌækəˈdemɪk","","/media/english/uk_pron/u/uka/ukac_/ukac___005.mp3","","a person who teaches at a college, or who studies as part of their job:","The research company was founded by a group of academics from Stockholm University."
"academy","noun","","əˈkæd.ə.mi","əˈkæd.ə.mi","/media/english/uk_pron/u/uka/ukac_/ukac___008.mp3","/media/english/us_pron/a/aca/acade/academy.mp3","an organization intended to protect and develop an art, science, language, etc., or a school that teaches a particular subject or trains people for a particular job:","the Royal Academy of Dramatic Art"
"academy","noun","","","əˈkæd·ə·mi","","/media/english/us_pron/a/aca/acade/academy.mp3","a school that teaches a particular subject or trains people for a particular job, or an organization that supports art, literature, or science:","a military/police academy"
"accelerate","verb","","əkˈsel.ə.reɪt","ekˈsel.ɚ.eɪt","/media/english/uk_pron/u/uka/ukac_/ukac___011.mp3","/media/english/us_pron/a/acc/accel/accelerate.mp3","When a vehicle or its driver accelerates, the speed of the vehicle increases:","I accelerated to overtake the bus."
"accelerate","verb","","","ɪkˈsel·əˌreɪt","","/media/english/us_pron/a/acc/accel/accelerate.mp3","to move more quickly, or to make something happen faster or sooner:","He stepped on the gas and accelerated rapidly to pass a car."
"accelerate","verb","","əkˈseləreɪt","","/media/english/uk_pron/u/uka/ukac_/ukac___011.mp3","","to go faster or make something go faster:","The car can accelerate to 60 miles per hour in just 6 seconds."
"accent","noun","","","","","","the way in which people in a particular area, country, or social group pronounce words:","He's got a strong southern/Boston accent."
"accent","verb","","ˈæk.sent","ˈæk.sent","/media/english/uk_pron/u/uka/ukac_/ukac___014.mp3","/media/english/us_pron/a/acc/accen/accent.mp3","to emphasize something:","In any advertising campaign, you must accent the areas where your product is better than the competition."
"accent","noun","","","ˈæk·sent","","/media/english/us_pron/a/acc/accen/accent.mp3","the way in which people in a particular area or country pronounce words:","She spoke with a slight southern accent."
"accent","verb","","","ˈæk·sent","","/media/english/us_pron/e/eus/eus70/eus70038.mp3","to give special emphasis to a syllable in a word or to a word in a sentence:","In Spanish, you usually accent the next-to-last syllable."
"accept","verb","","əkˈsept","əkˈsept","/media/english/uk_pron/u/uka/ukac_/ukac___020.mp3","/media/english/us_pron/a/acc/accep/accept.mp3","to agree to take something:","Do you accept credit cards?"
"accept","verb","","","ɪkˈsept","","/media/english/us_pron/a/acc/accep/accept.mp3","to agree to take something, or to consider something as satisfactory, reasonable, or true:","She accepted the job offer."
"accept","verb","","əkˈsept","","/media/english/uk_pron/u/uka/ukac_/ukac___020.mp3","","to agree to take something:","Do you accept credit cards?"
"acceptable","adjective","","","","","","satisfactory and able to be agreed to or approved of:","Clearly we need to come to an arrangement that is acceptable to both parties."
"acceptable","adjective","","","ɪkˈsep·tə·bəl","","/media/english/us_pron/a/acc/accep/acceptable.mp3","satisfactory; good enough:","An offer that is acceptable to the union leaders might still be voted down by the union members."
"acceptance","noun","","","","","","general agreement that something is satisfactory or right, or that someone should be included in a group:","The idea rapidly gained acceptance (= became approved of)"
"acceptance","noun","","","ɪkˈsep·təns","","/media/english/us_pron/a/acc/accep/acceptance.mp3","Acceptance of an offer or an invitation means that you say yes to it:","The White House indicated its acceptance of the offer to visit Russia."
"acceptance","noun","","əkˈseptəns","","/media/english/uk_pron/u/uka/ukac_/ukac___024.mp3","","the act of agreeing to something such as an offer or invitation:","The board has recommended acceptance of the offer."
"access","noun","","ˈæk.ses","ˈæk.ses","/media/english/uk_pron/u/uka/ukac_/ukac___026.mp3","/media/english/us_pron/a/acc/acces/access.mp3","the method or possibility of getting near to a place or person:","The only access to the village is by boat."
"access","verb","","ˈæk.ses","ˈæk.ses","/media/english/uk_pron/u/uka/ukac_/ukac___026.mp3","/media/english/us_pron/a/acc/acces/access.mp3","to be able to get to or get inside a place:","It is too difficult for anyone using a wheelchair to access the building."
"access","noun","","","ˈæk·ses","","/media/english/us_pron/a/acc/acces/access.mp3","the method or way of approaching a place or person, or the right to use or look at something:","Without an official pass, the guards will deny you access to (= will not let you enter)"
"access","verb","","","ˈæk·ses","","/media/english/us_pron/a/acc/acces/access.mp3","to get information, esp. when using a computer:","People now can access information from the Internet as never before."
"access","noun","","ˈækses","","/media/english/uk_pron/u/uka/ukac_/ukac___026.mp3","","the right or opportunity to use or receive something:","Community radio stations have access to public funding."
"access","verb","","ˈækses","","/media/english/uk_pron/u/uka/ukac_/ukac___026.mp3","","to open a computer file or to use a computer system such as the internet:","Many users now access the internet via their mobile phones."
"accessible","adjective","","","","","","able to be reached or easily obtained :","The resort is easily accessible by road, rail, and air."
"accessible","suffix","","","","","","used at the end of words to mean that something can be reached or obtained in a particular way or by a particular group of people:","The facility is handicapped-accesible, with a ramp leading to the entrance."
"accessible","adjective","","","ɪkˈses·ə·bəl","","/media/english/us_pron/a/acc/acces/accessible.mp3","possible to approach, enter, or use:","The island is accessible only by ferry."
"accessible","adjective","","əkˈsesəbl","","/media/english/uk_pron/u/uka/ukac_/ukac___028.mp3","","able to be easily got or used:","The website is accessible to all users."
"accident","noun","","","","","","something bad that happens that is not expected or intended and that often damages something or injures someone:","Josh had an accident and spilled water all over his work."
"accident","noun","","","ˈæk·sə·dənt","","/media/english/us_pron/a/acc/accid/accident.mp3","an event not intended by anyone but which has the result of injuring someone or damaging something:","He was killed in an automobile accident at the age of 21."
"accidentally","adverb","","","","","","by chance or by mistake:","I accidentally knocked a glass over."
"accommodate","verb","","əˈkɒm.ə.deɪt","əˈkɑː.mə.deɪt","/media/english/uk_pron/u/uka/ukacc/ukacces011.mp3","/media/english/us_pron/e/eus/eus70/eus70045.mp3","to provide with a place to live or to be stored in:","New students may be accommodated in halls of residence."
"accommodate","verb","","","əˈkɑm·əˌdeɪt","","/media/english/us_pron/e/eus/eus70/eus70045.mp3","to provide space or a place for a group:","The new dormitory will be able to accommodate an additional 200 students."
"accommodate","verb","","əˈkɒmədeɪt","","/media/english/uk_pron/u/uka/ukacc/ukacces011.mp3","","to have or provide the space that someone or something needs:","The centre can accommodate up to 220 students."
"accommodation","noun","","","","","","a place to stay or live:","They paid for his flights and hotel accommodation."
"accommodation","noun","","","","","","a place in which to live, work, stay, etc.:","The cost, including flights, accommodation, and meals, was €100,000."
"accompany","verb","","əˈkʌm.pə.ni","əˈkʌm.pə.ni","/media/english/uk_pron/u/uka/ukacc/ukacces017.mp3","/media/english/us_pron/a/acc/accom/accompany.mp3","to go with someone or to be provided or exist at the same time as something:","The course books are accompanied by four CDs."
"accompany","verb","","","əˈkʌm·pə·ni","","/media/english/us_pron/a/acc/accom/accompany.mp3","to go with someone or to exist at the same time as something:","Students cannot leave the building during class hours unless they are accompanied by an adult."
"accomplish","verb","","əˈkʌm.plɪʃ","əˈkɑːm.plɪʃ","/media/english/uk_pron/u/uka/ukacc/ukacces019.mp3","/media/english/us_pron/a/acc/accom/accomplish.mp3","to finish something successfully or to achieve something:","The students accomplished the task in less than ten minutes."
"accomplish","verb","","","əˈkɑm·plɪʃ","","/media/english/us_pron/a/acc/accom/accomplish.mp3","to do or finish something successfully; achieve something:","On retiring from the Congress, he said he had accomplished everything he set out to do."
"accomplishment","noun","","əˈkʌm.plɪʃ.mənt","əˈkɑːm.plɪʃ.mənt","/media/english/uk_pron/u/uka/ukacc/ukacces021.mp3","/media/english/us_pron/e/eus/eus70/eus70049.mp3","something that is successful, or that is achieved after a lot of work or effort:","Getting the two leaders to sign a peace treaty was his greatest accomplishment."
"accomplishment","noun","","","əˈkɑm·plɪʃ·mənt","","/media/english/us_pron/e/eus/eus70/eus70049.mp3","something done or finished successfully:","There’s a feeling of accomplishment (= achievement)"
"accordance","noun","","","","","","following or obeying a rule, law, wish, etc.:","In accordance with her wishes, she was buried in France."
"accordance","noun","","","","","","If you do something in accordance with a rule, you follow or obey it:","In accordance with school rules, the teacher asked him to remove his hat when inside the building."
"accordance","noun","","","","","","obeying a rule, law, standard, etc.:","A spokesman insisted the money had been spent in accordance with strict guidelines."
"according to","preposition","","əˈkɔː.dɪŋ ˌtuː","əˈkɔːr.dɪŋ ˌtuː","/media/english/uk_pron/u/uka/ukacc/ukacces025.mp3","/media/english/us_pron/c/cdo/cdomi/cdomiscusacco0069.mp3","as stated by:","According to Sarah they're not getting on very well at the moment."
"according to","preposition","","","əˈkɔr·dɪŋ ˌtu","","/media/english/us_pron/c/cdo/cdomi/cdomiscusacco0069.mp3","as stated by:","According to my mother, you have to eat three meals a day every day."
"according to","preposition","","","","","","used for saying which person, group, piece of information, etc. provides a particular fact:","According to a company spokesman, the firm is expected to have sales of more than $3.5 billion this year."
"accordingly","adverb","","əˈkɔː.dɪŋ.li","əˈkɔːr.dɪŋ.li","/media/english/uk_pron/u/uka/ukacc/ukacces024.mp3","/media/english/us_pron/a/acc/accor/accordingly.mp3","in a way that is suitable or right for the situation:","When we receive your instructions we will act accordingly."
"accordingly","adverb","","","əˈkɔr·dɪŋ·li","","/media/english/us_pron/a/acc/accor/accordingly.mp3","in a way that suits the situation:","Surveys suggest that these shows are not what most people want to watch. Accordingly (= Therefore)"
"account","noun","","əˈkaʊnt","əˈkaʊnt","/media/english/uk_pron/u/uka/ukacc/ukacces028.mp3","/media/english/us_pron/a/acc/accou/account.mp3","an arrangement with a bank to keep your money there and to allow you to take it out when you need to:","I withdrew my money and asked the bank to close my account."
"account","verb","","əˈkaʊnt","əˈkaʊnt","/media/english/uk_pron/u/uka/ukacc/ukacces028.mp3","/media/english/us_pron/a/acc/accou/account.mp3","to think of someone or something in the stated way:","She was accounted a genius by all who knew her work."
"account","noun","","","əˈkɑʊnt","","/media/english/us_pron/a/acc/accou/account.mp3","money kept in a bank or other organization that you can add to or take back",""
"account","noun","","əˈkaʊnt","","/media/english/uk_pron/u/uka/ukacc/ukacces028.mp3","","an arrangement with a bank in which the customer puts in and takes out money and the bank keeps a record of it:","When she starts school we're opening an account in her name and we'll put money into it each year."
"accountability","noun","","əˌkaʊn.təˈbɪl.ə.ti","əˌkaʊn.t̬əˈbɪl.ə.t̬i","/media/english/uk_pron/u/uka/ukacc/ukacces029.mp3","/media/english/us_pron/e/eus/eus70/eus70050.mp3","the fact of being responsible for what you do and able to give a satisfactory reason for it, or the degree to which this happens:","There were furious demands for greater police accountability."
"accountability","noun","","əˌkaʊntəˈbɪləti","","/media/english/uk_pron/u/uka/ukacc/ukacces029.mp3","","a situation in which someone is responsible for things that happen and can give a satisfactory reason for them:","The organization suffers from a lack of accountability."
"accountable","adjective","","","","","","Someone who is accountable is completely responsible for what they do and must be able to give a satisfactory reason for it:","She is accountable only to the managing director."
"accountable","adjective","","","əˈkɑʊn·tə·bəl","","/media/english/us_pron/e/eus/eus70/eus70051.mp3","responsible for and having to explain your actions:","He knew he would be held accountable for any flaws in the programming."
"accountable","adjective","","əˈkaʊntəbl","","/media/english/uk_pron/u/uka/ukacc/ukacces030.mp3","","responsible for what you do and able to give a satisfactory reason for it:","Our board will hold me accountable if anything goes wrong."
"accountant","noun","","","","","","someone who keeps or examines the records of money received, paid, and owed by a company or person:","a firm of accountants"
"accountant","noun","","","","","","someone who keeps or examines the records of money received, paid, and owed by a company or person:","a tax accountant"
"accountant","noun","","əˈkaʊntənt","","/media/english/uk_pron/u/uka/ukacc/ukaccou002.mp3","","a person or company whose job is preparing the financial records of people, companies, or organizations:","According to figures compiled for accountant KPMG, year-on-year the negative trading statements were down 10%"
"accumulate","verb","","əˈkjuː.mjə.leɪt","əˈkjuː.mjə.leɪt","/media/english/uk_pron/u/uka/ukacc/ukaccou011.mp3","/media/english/us_pron/a/acc/accum/accumulate.mp3","to collect a large number of things over a long period of time:","As people accumulate more wealth, they tend to spend a greater proportion of their incomes."
"accumulate","verb","","","əˈkjum·jəˌleɪt","","/media/english/us_pron/a/acc/accum/accumulate.mp3","to collect or increase something gradually, esp. over a period of time:","We’ve accumulated a lot of junk over the years."
"accumulate","verb","","əˈkjuːmjəleɪt","","/media/english/uk_pron/u/uka/ukacc/ukaccou011.mp3","","to gradually increase in amount:","While the deficit was allowed to accumulate, nothing was done to address the problem."
"accumulation","noun","","","","","","an amount of something that has been collected:","Despite this accumulation of evidence, the government persisted in doing nothing."
"accumulation","noun","","","","","","the process of gradually increasing in amount, or the increased amount:","The document warned of ""an accumulation of massive financial liabilities to pay for future retiree health benefits""."
"accuracy","noun","","ˈæk.jə.rə.si","ˈæk.jɚ.ə.si","/media/english/uk_pron/u/uka/ukacc/ukaccou014.mp3","/media/english/us_pron/a/acc/accur/accuracy.mp3","the fact of being exact or correct:","Patricia has checked the reports and can vouch for the accuracy of the information."
"accuracy","noun","","","ˈæk·jər·ə·si","","/media/english/us_pron/a/acc/accur/accuracy.mp3","the fact of being correct and without any mistakes:","He challenged the accuracy of the research results."
"accuracy","noun","","ˈækjərəsi","","/media/english/uk_pron/u/uka/ukacc/ukaccou014.mp3","","the ability to do something without making mistakes:","She says she can type 85 words per minute with 90% accuracy."
"accurate","adjective","","ˈæk.jə.rət","ˈæk.jɚ.ət","/media/english/uk_pron/u/uka/ukacc/ukaccou015.mp3","/media/english/us_pron/a/acc/accur/accurate.mp3","correct, exact, and without any mistakes:","an accurate machine"
"accurate","adjective","","","ˈæk·jər·ət","","/media/english/us_pron/a/acc/accur/accurate.mp3","correct and without any mistakes",""
"accurate","adjective","","ˈækjərət","","/media/english/uk_pron/u/uka/ukacc/ukaccou015.mp3","","correct and without any mistakes:","Internet communication instantly provides timely and accurate data for evaluating investment opportunities."
"accurately","adverb","","ˈæk.jə.rət.li","ˈæk.jɚ.ət.li","/media/english/uk_pron/u/uka/ukacc/ukaccou016.mp3","/media/english/us_pron/a/acc/accur/accurately.mp3","in a way that is correct, exact, and without any mistakes:","The plans should be drawn as accurately as possible."
"accurately","adverb","","","","","","correctly and without making any mistakes:","The salesperson accurately identifies customer needs and relates product benefits to those needs."
"accusation","noun","","","","","","a statement saying that someone has done something morally wrong, illegal, or unkind, or the fact of accusing someone:","Any time you make false accusations, you lose credibility with people."
"accuse","verb","","əˈkjuːz","əˈkjuːz","/media/english/uk_pron/u/uka/ukacc/ukaccou021.mp3","/media/english/us_pron/a/acc/accus/accuse.mp3","to say that someone has done something morally wrong, illegal, or unkind:","""It wasn't my fault."" ""Don't worry, I'm not accusing you."""
"accuse","verb","","","əˈkjuz","","/media/english/us_pron/a/acc/accus/accuse.mp3","to say that someone is responsible for a crime or for having done something wrong:","He was accused of failing to pay his taxes."
"accuse","verb","","əˈkjuːz","","/media/english/uk_pron/u/uka/ukacc/ukaccou021.mp3","","to say that someone has done something wrong or illegal:","He is accused of misleading investors and lenders about the financial health of the company."
"accused","noun","","əˈkjuːzd","əˈkjuːzd","/media/english/uk_pron/u/uka/uka35/uka35278.mp3","/media/english/us_pron/u/usa/usa35/usa35278.mp3","the person who is on trial in a law court:","The accused protested her innocence."
"accused","noun","","","əˈkjuzd","","/media/english/us_pron/a/acc/accus/accused.mp3","a person or people who may be guilty of a crime and who are being judged in a court of law",""
"achieve","verb","","əˈtʃiːv","əˈtʃiːv","/media/english/uk_pron/u/uka/ukace/ukaceta008.mp3","/media/english/us_pron/a/ach/achie/achieve.mp3","to succeed in finishing something or reaching an aim, especially after a lot of work or effort:","The government's training policy, he claimed, was achieving its objectives."
"achieve","verb","","","əˈtʃiv","","/media/english/us_pron/a/ach/achie/achieve.mp3","to do or obtain something that you wanted after planning and working to make it happen:","She achieved her objective of qualifying for the US Olympic team."
"achieve","verb","","əˈtʃiːv","","/media/english/uk_pron/u/uka/ukace/ukaceta008.mp3","","to successfully finish or do something you wanted to do, especially after a lot of effort:","Salespersons strived to achieve maximum sales."
"achievement","noun","","əˈtʃiːv.mənt","əˈtʃiːv.mənt","/media/english/uk_pron/u/uka/ukace/ukaceta009.mp3","/media/english/us_pron/a/ach/achie/achievement.mp3","something very good and difficult that you have succeeded in doing:","It gives you a sense of achievement if you actually make it to the end of a very long book."
"achievement","noun","","","əˈtʃiv·mənt","","/media/english/us_pron/a/ach/achie/achievement.mp3","something that you did or got after planning and working to make it happen, and that therefore gives you a feeling of satisfaction, or the act of working to make this happen:","a scientific achievement"
"achievement","noun","","əˈtʃiːvmənt","","/media/english/uk_pron/u/uka/ukace/ukaceta009.mp3","","something that a person, company, etc. has done or finished successfully:","Look at your achievements and your value in monetary terms."
"acid","noun","","ˈæs.ɪd","ˈæs.ɪd","/media/english/uk_pron/u/uka/ukace/ukaceta015.mp3","/media/english/us_pron/a/aci/acid_/acid.mp3","any of various usually liquid substances that can react with and sometimes dissolve other materials:","acetic/hydrochloric/lactic acid"
"acid","adjective","","ˈæs.ɪd","ˈæs.ɪd","/media/english/uk_pron/u/uka/ukace/ukaceta015.mp3","/media/english/us_pron/a/aci/acid_/acid.mp3","containing acid, or having similar qualities to an acid:","an acid taste/smell"
"acid","noun","","","ˈæs·ɪd","","/media/english/us_pron/a/aci/acid_/acid.mp3","any of various chemical substances that can produce salts, some of which are able to damage whatever they touch",""
"acid","adjective","","","ˈæs·ɪd","","/media/english/us_pron/a/aci/acid_/acid.mp3","sour in taste:","The salad dressing has an acid taste."
"acknowledge","verb","","əkˈnɒl.ɪdʒ","əkˈnɑː.lɪdʒ","/media/english/uk_pron/u/uka/ukace/ukaceta021.mp3","/media/english/us_pron/a/ack/ackno/acknowledge.mp3","to accept, admit, or recognize something, or the truth or existence of something:","Historians generally acknowledge her as a genius in her field."
"acknowledge","verb","","","ɪkˈnɑl·ɪdʒ","","/media/english/us_pron/a/ack/ackno/acknowledge.mp3","to accept the truth or recognize the existence of something:","The president acknowledged his mistake in not vetoing the tax bill."
"acknowledge","verb","","əkˈnɒlɪdʒ","","/media/english/uk_pron/u/uka/ukace/ukaceta021.mp3","","to let someone know that you have received something that they sent to you:","Please acknowledge receipt of this letter."
"acquire","verb","","əˈkwaɪɚ","əˈkwaɪɚ","/media/english/uk_pron/u/uka/ukacq/ukacqua008.mp3","/media/english/us_pron/a/acq/acqui/acquire.mp3","to get or obtain something:","From humble beginnings he went on to acquire great wealth."
"acquire","verb","","","əˈkwɑɪər","","/media/english/us_pron/a/acq/acqui/acquire.mp3","to obtain or begin to have something:","His family acquired the property in 1985."
"acquire","verb","","","","","","to buy or take control of a company or part of a company, often by buying shares in it:","They acquired a chain of about 20 phone shops."
"acquisition","noun","","","","","","the process of getting something:","The acquisition of huge amounts of data has helped our research enormously."
"acquisition","noun","","","ˌæk·wəˈzɪʃ·ən","","/media/english/us_pron/a/acq/acqui/acquisition.mp3","the act of obtaining or beginning to have something, or something obtained:","The museum has made several recent acquisitions."
"acquisition","noun","","","","","","something that is bought by a company, such as another company, a building, or a piece of land:","Management intend to use the cash to make acquisitions."
"acre","noun","","ˈeɪ.kɚ","ˈeɪ.kɚ","/media/english/uk_pron/u/uka/ukacq/ukacqua014.mp3","/media/english/us_pron/a/acr/acre_/acre.mp3","a unit for measuring area, equal to 4,047 square metres or 4,840 square yards:","He's got 400 acres of land in Russia."
"acre","noun","","","ˈeɪ·kər","","/media/english/us_pron/a/acr/acre_/acre.mp3","a unit for measuring area, equal to 43,560 square feet or 4047 square meters:","They bought half an acre of land to build their house on."
"acre","noun","","","","","","a unit for measuring area, equal to 4840 square yards or 4047 square metres:","The companies all have more than 1,000 acres designated for heavy industry."
"across","adverb","","əˈkrɒs","əˈkrɑːs","/media/english/uk_pron/u/uka/ukacq/ukacqua024.mp3","/media/english/us_pron/a/acr/acros/across.mp3","from one side to the other of something with clear limits, such as an area of land, a road, or a river:","She walked across the field/road."
"across","preposition","","əˈkrɒs","əˈkrɑːs","/media/english/uk_pron/u/uka/ukacq/ukacqua024.mp3","/media/english/us_pron/a/acr/acros/across.mp3","on the opposite side of:","The library is just across the road."
"across","preposition","","","əˈkrɔs","","/media/english/us_pron/a/acr/acros/across.mp3","from one side to the other side of, or at the other side of:","We walked across the bridge."
"act","verb","","ækt","ækt","/media/english/uk_pron/u/uka/ukacq/ukacqua027.mp3","/media/english/us_pron/a/act/act__/act.mp3","to behave in the stated way:","Don't be so silly - you're acting like a child!"
"act","noun","","ækt","ækt","/media/english/uk_pron/u/uka/ukacq/ukacqua027.mp3","/media/english/us_pron/a/act/act__/act.mp3","something that you do:","an act of aggression/bravery/madness/terrorism"
"act","verb","","","ækt","","/media/english/us_pron/a/act/act__/act.mp3","to do something for a particular purpose or in a particular way:","The president acted quickly to bring federal aid to areas damaged by flooding."
"act","noun","","","ækt","","/media/english/us_pron/a/act/act__/act.mp3","a law made by Congress or another legislature:","an act of Congress"
"act","noun","","ækt","","/media/english/uk_pron/u/uka/ukacq/ukacqua027.mp3","","something that someone does:","A partner may be held responsible for the acts of his co-partners committed in the name of the firm."
"act","verb","","ækt","","/media/english/uk_pron/u/uka/ukacq/ukacqua027.mp3","","to do something with the intention of achieving a particular result:","Engineers will need to act quickly to repair the damaged pipes."
"action","noun","","","","","","the process of doing something, especially when dealing with a problem or difficulty:","We can and must take prompt action to establish a coordinated approach to climate protection."
"action","verb","","","","","","to do something to deal with a particular problem or matter:","I'll just run through the minutes of the last meeting, raising those points that still have to be actioned."
"action","noun","","","ˈæk·ʃən","","/media/english/us_pron/a/act/actio/action.mp3","the process of doing something, or something done, esp. for a particular purpose:","Quick action in calling the fire department saved many lives."
"action","noun","","","","","","the process of doing something, especially in order to deal with a problem or difficult situation:","The report urged industrialised nations to take further action to cut their budget deficits."
"action","verb","","","","","","to do something to deal with a particular task, problem, or plan:","Some of the conclusions and recommendations of the report can be actioned straight away."
"activate","verb","","ˈæk.tɪ.veɪt","ˈæk.tə.veɪt","/media/english/uk_pron/u/uka/ukact/ukactiv001.mp3","/media/english/us_pron/a/act/activ/activate.mp3","to cause something to start:","The alarm is activated by the lightest pressure."
"activate","verb","","","ˈæk·təˌveɪt","","/media/english/us_pron/a/act/activ/activate.mp3","to cause something to start working:","Something activated the car alarm."
"activate","verb","","ˈæktɪveɪt","","/media/english/uk_pron/u/uka/ukact/ukactiv001.mp3","","to make something start working or happening:","New customers must call an automated line to activate their card."
"activation","noun","","","","","","the act of making something start or making it start working:","The false activation of an alarm is a serious matter."
"active","adjective","","ˈæk.tɪv","ˈæk.tɪv","/media/english/uk_pron/u/uka/ukact/ukactiv003.mp3","/media/english/us_pron/a/act/activ/active.mp3","busy with a particular activity:","He is 90 years old, but remains active in the local community."
"active","noun","","ˈæk.tɪv","ˈæk.tɪv","/media/english/uk_pron/u/uka/ukact/ukactiv003.mp3","/media/english/us_pron/a/act/activ/active.mp3","→ active voice",""
"active","adjective","","","ˈæk·tɪv","","/media/english/us_pron/a/act/activ/active.mp3","doing something as you usually do, or being able to do something physically or mentally:","He was still an active runner at 55."
"active","adjective","","ˈæktɪv","","/media/english/uk_pron/u/uka/ukact/ukactiv003.mp3","","busy with or involved in a particular activity:","He expects to remain active in commodity trading in London."
"activist","noun","","ˈæk.tɪ.vɪst","ˈæk.tə.vɪst","/media/english/uk_pron/u/uka/ukact/ukactiv006.mp3","/media/english/us_pron/a/act/activ/activist.mp3","a person who believes strongly in political or social change and takes part in activities such as public protests to try to make this happen:","He's been a trade union/party activist for many years."
"activity","noun","","ækˈtɪv.ə.ti","ækˈtɪv.ə.t̬i","/media/english/uk_pron/u/uka/ukact/ukactiv007.mp3","/media/english/us_pron/e/eus/eus70/eus70064.mp3","the situation in which a lot of things are happening or people are moving around:","Economists are concerned by the low level of economic activity."
"activity","noun","","","ækˈtɪv·ɪ·t̬i","","/media/english/us_pron/e/eus/eus70/eus70064.mp3","the doing of something, or something that you are doing, have done, or could do:","There were lots of activities for children at the museum."
"activity","noun","","ækˈtɪvəti","","/media/english/uk_pron/u/uka/ukact/ukactiv007.mp3","","a situation in which a lot of things are happening or being done:","Any conflict has the potential to disrupt business activity."
"actor","noun","","ˈæk.tɚ","ˈæk.tɚ","/media/english/uk_pron/u/uka/ukact/ukactiv008.mp3","/media/english/us_pron/a/act/actor/actor.mp3","someone who pretends to be someone else while performing in a film, play, or television or radio programme:","""Who's your favourite actor?"" ""Robert de Niro."""
"actor","noun","","","ˈæk·tər","","/media/english/us_pron/a/act/actor/actor.mp3","a person who plays the part of a character in a movie or play:","The play has a cast of six actors."
"actress","noun","","ˈæk.trəs","ˈæk.trəs","/media/english/uk_pron/u/ukc/ukcld/ukcld01818.mp3","/media/english/us_pron/u/usc/uscld/uscld01818.mp3","a woman who pretends to be someone else while performing in a film, play, or television programme:","She's the highest-paid actress in Hollywood."
"actual","adjective","","ˈæk.tʃu.əl","ˈæk.tʃu.əl","/media/english/uk_pron/u/uka/ukact/ukactiv009.mp3","/media/english/us_pron/a/act/actua/actual.mp3","existing in fact:","We had estimated about 300 visitors, but the actual number was much higher."
"actual","adjective","","","ˈæk·tʃu·əl","","/media/english/us_pron/a/act/actua/actual.mp3","real; existing in fact:","We expected 50 people, but the actual number was a lot higher."
"actual","adjective","","ˈæktʃuəl","","/media/english/uk_pron/u/uka/ukact/ukactiv009.mp3","","true or exact:","Residents are paying electricity prices that are double the actual cost of generating electricity."
"actual","noun","","ˈæktʃuəl","","/media/english/uk_pron/u/uka/ukact/ukactiv009.mp3","","an amount of money that a company really spends, rather than an amount of money that it plans or expects to spend:","We continuously compare budgeted amounts with actuals."
"actually","adverb","","ˈæk.tʃu.ə.li","ˈæk.tʃu.ə.li","/media/english/uk_pron/u/uka/ukact/ukactiv012.mp3","/media/english/us_pron/a/act/actua/actually.mp3","in fact or really:","I didn't actually see her - I just heard her voice."
"actually","adverb","","","ˈæk·tʃu·ə·li","","/media/english/us_pron/a/act/actua/actually.mp3","used to say that something is true, esp. when the true situation may not be known:","We actually had a hard time moving the sofa."
"acute","adjective","","əˈkjuːt","əˈkjuːt","/media/english/uk_pron/u/uka/ukact/ukactiv018.mp3","/media/english/us_pron/a/acu/acute/acute.mp3","If a bad situation is acute, it causes severe problems or damage:","She felt acute embarrassment/anxiety/concern at his behaviour."
"acute","noun","","əˈkjuːt","əˈkjuːt","/media/english/uk_pron/u/uka/uka31/uka31577.mp3","/media/english/us_pron/u/usa/usa31/usa31577.mp3","a sign that is written above a letter in some languages, showing you how to pronounce the letter:","There's an acute accent on the e in ""café""."
"acute","adjective","","","əˈkjut","","/media/english/us_pron/a/acu/acute/acute.mp3","very serious, extreme, or severe:","The area has an acute water shortage."
"acute","adjective","","əˈkjuːt","","/media/english/uk_pron/u/uka/ukact/ukactiv018.mp3","","if a bad situation is acute, it causes severe problems or damage:","The problem is particularly acute for small businesses."
"ad","noun","","æd","æd","/media/english/uk_pron/u/uka/ukact/ukactiv022.mp3","/media/english/us_pron/a/ad_/ad___/ad.mp3","informal for an advertisement:","I often prefer the ads on TV to the actual programmes."
"ad","adverb","","ˌeɪˈdiː","ˌeɪˈdiː","/media/english/uk_pron/e/epd/epd31/epd31098.mp3","/media/english/us_pron/u/usa/usad_/usad___001.mp3","abbreviation for Anno Domini : a Latin phrase meaning ""in the year of the Lord"", which is used when referring to a year after Jesus Christ was born:","in 1215 AD/AD 1215"
"ad","noun","","","","","","abbreviation for Alzheimer's Disease",""
"ad","noun","","","æd","","/media/english/us_pron/a/ad_/ad___/ad.mp3","short form ofadvertisement",""
"ad","noun","","æd","","/media/english/uk_pron/u/uka/ukact/ukactiv022.mp3","","an advertisement:","He appeared in an ad for fizzy drinks."
"ad","adjective","","æd","","/media/english/uk_pron/u/uka/ukact/ukactiv022.mp3","","advertising:","Who created the concept for the ad campaign?"
"adapt","verb","","əˈdæpt","əˈdæpt","/media/english/uk_pron/u/uka/ukact/ukactiv029.mp3","/media/english/us_pron/a/ada/adapt/adapt.mp3","to change, or to change something, to suit different conditions or uses:","Davies is busy adapting Brinkworth's latest novel for television."
"adapt","verb","","","əˈdæpt","","/media/english/us_pron/a/ada/adapt/adapt.mp3","to adjust to different conditions or uses, or to change to meet different situations",""
"adapt","verb","","əˈdæpt","","/media/english/uk_pron/u/uka/ukact/ukactiv029.mp3","","to become familiar with a new situation:","To remain competitive the company has to be able to adapt to the changing marketplace."
"adaptation","noun","","","","","","the process of changing to suit different conditions:","The documentary is about corruption, crime and human adaptation to difficult circumstances."
"adaptation","noun","","","ˌæd·əpˈteɪ·ʃən","","/media/english/us_pron/a/ada/adapt/adaptation.mp3","something produced to adjust to different conditions or uses, or to meet different situations:","The movie was an adaptation of a novel."
"add","verb","","æd","æd","/media/english/uk_pron/u/uka/ukact/ukactiv022.mp3","/media/english/us_pron/a/ad_/ad___/ad.mp3","to put two or more numbers or amounts together to get a total:","It's $45 - $50 if you add in the cost of postage."
"add","noun","","ˌeɪ.diːˈdiː","ˌeɪ.diːˈdiː","/media/english/uk_pron/c/cuk/cuk03/cuk03113.mp3","/media/english/us_pron/e/eus/eus70/eus70069.mp3","abbreviation for attention deficit disorder: a name used mainly in the 1980s for a condition in which someone, especially a child, is often in a state of activity or excitement and unable to direct their attention towards what they are doing:","A person with ADHD, previously known as ADD (attention-deficit disorder), has trouble focusing on activities, organizing and finishing tasks, and following instructions."
"add","verb","","","æd","","/media/english/us_pron/a/ad_/ad___/ad.mp3","to put something with something else to increase the number or amount or to make it more important:","Beat the butter and sugar together, and then add the eggs."
"add","verb","","æd","","/media/english/uk_pron/u/uka/ukact/ukactiv022.mp3","","to put something with something else in order to improve it or increase the number or amount:","Investors can add more money to the fund at any time."
"addiction","noun","","","","","","an inability to stop doing or using something, especially something harmful:","He developed an addiction to painkillers."
"addiction","noun","","","əˈdɪk·ʃən","","/media/english/us_pron/a/add/addic/addiction.mp3","the need or strong desire to do or to have something, or a very strong liking for something:","His addiction began with prescription drugs."
"addition","noun","","","","","","the process of adding numbers or amounts together:","Twice a week the children are tested in basic mathematical skills such as addition (= calculating the total of different numbers put together)"
"addition","noun","","","əˈdɪʃ·ən","","/media/english/us_pron/a/add/addit/addition.mp3","the process of calculating the total of a group of numbers:","We learn addition and subtraction in first and second grade."
"addition","noun","","","","","","something extra that is added to something:","The company provides a compensation package which amounts to an addition to the employee's salary."
"additional","adjective","","","","","","extra:","additional costs/problems"
"additional","adjective","","","","","","put with something else to increase the number or amount or to make it more important:","There’s no additional charge for children under twelve."
"additional","adjective","","","","","","extra:","We plan to open an additional 10 to 12 stores next year."
"additionally","adverb","","","","","","also or in addition:","Additionally, we request a deposit of $200 in advance."
"additionally","adverb","","","","","","also:","Option two additionally offers an early repayment option after three years."
"address","noun","","əˈdres","ˈæd.res","/media/english/uk_pron/u/uka/ukada/ukadapt021.mp3","/media/english/us_pron/e/eus/eus70/eus70074.mp3","the number of the house, name of the road, and name of the town where a person lives or works, and where letters can be sent:","her business/home address"
"address","verb","","əˈdres","əˈdres","/media/english/uk_pron/u/uka/ukada/ukadapt021.mp3","/media/english/us_pron/a/add/addre/address.mp3","to speak or write to someone:","He addressed a few introductory remarks to the audience."
"address","noun","","","ˈæd·res","","/media/english/us_pron/e/eus/eus70/eus70074.mp3","the specific place where a person, business, or organization can be found and where mail can be received:","What is your street address now?"
"address","verb","","","əˈdres","","/media/english/us_pron/a/add/addre/address.mp3","to speak or write to someone, or to direct information to someone:","The First Lady addressed the meeting briefly."
"address","noun","","əˈdres","ˈædres","/media/english/uk_pron/u/uka/ukada/ukadapt021.mp3","/media/english/us_pron/e/eus/eus70/eus70074.mp3","a building number, name of the road, etc. where you live, where an organization has an office, or where mail is sent:","Please send your application to the address below."
"address","verb","","əˈdres","","/media/english/uk_pron/u/uka/ukada/ukadapt021.mp3","","to write an address on an envelope or package so it can be sent to the person who has that address:","Make sure that your package is addressed to the correct department."
"adequate","adjective","","ˈæd.ə.kwət","ˈæd.ə.kwət","/media/english/uk_pron/u/uka/ukada/ukadapt029.mp3","/media/english/us_pron/a/ade/adequ/adequate.mp3","enough or satisfactory for a particular purpose:","It's not a big salary but it's adequate for our needs."
"adequate","adjective","","","ˈæd·ɪ·kwət","","/media/english/us_pron/a/ade/adequ/adequate.mp3","enough or satisfactory for a particular purpose:","He didn’t have adequate time to prepare for the exam."
"adequate","adjective","","ˈædɪkwət","","/media/english/uk_pron/u/uka/ukada/ukadapt029.mp3","","enough or good enough for a particular purpose:","Staff did not receive adequate training."
"adequately","adverb","","ˈæd.ə.kwət.li","ˈæd.ə.kwət.li","/media/english/uk_pron/u/uka/ukada/ukadapt030.mp3","/media/english/us_pron/a/ade/adequ/adequately.mp3","in a way that is enough or satisfactory for a particular purpose:","While some patients can be adequately cared for at home, others are best served by care in a hospital."
"adhere","verb","","ədˈhɪr","ədˈhɪr","/media/english/uk_pron/u/uka/ukadh/ukadher001.mp3","/media/english/us_pron/a/adh/adher/adhere.mp3","to stick firmly:","A smooth, dry surface helps the tiles adhere to the wall."
"adhere","verb","","","ədˈhɪər","","/media/english/us_pron/a/adh/adher/adhere.mp3","to stick or be attached firmly to a surface:","Glue won’t adhere to any surface that’s wet."
"adjacent","adjective","","","","","","very near, next to, or touching:","They lived in a house adjacent to the railway."
"adjacent","adjective","","","əˈdʒeɪ·sənt","","/media/english/us_pron/a/adj/adjac/adjacent.mp3","very near, or with nothing in between:","They work in adjacent buildings."
"adjust","verb","","əˈdʒʌst","əˈdʒʌst","/media/english/uk_pron/u/uka/ukadh/ukadher028.mp3","/media/english/us_pron/a/adj/adjus/adjust.mp3","to change something slightly, especially to make it more correct, effective, or suitable:","If the chair is too high you can adjust it to suit you."
"adjust","verb","","","əˈdʒʌst","","/media/english/us_pron/a/adj/adjus/adjust.mp3","to change something slightly to make it fit, work better, or be more suitable:","Adjust the angle of your monitor so you can easily read it."
"adjust","verb","","əˈdʒʌst","","/media/english/uk_pron/u/uka/ukadh/ukadher028.mp3","","to change something slightly to make it fit, work better, or be more suitable:","You may need to adjust the image on your screen to keep it centered."
"adjustment","noun","","əˈdʒʌst.mənt","əˈdʒʌst.mənt","/media/english/uk_pron/u/uka/ukadj/ukadjus001.mp3","/media/english/us_pron/a/adj/adjus/adjustment.mp3","a small change:","She made a few adjustments to the focus of her camera."
"adjustment","noun","","əˈdʒʌstmənt","","/media/english/uk_pron/u/uka/ukadj/ukadjus001.mp3","","a slight change made to something to make it fit, work better, or be more suitable, or the act of making such a change:","A small adjustment at the right place can make a significant difference."
"administer","verb","","ədˈmɪn.ə.stɚ","ədˈmɪn.ə.stɚ","/media/english/uk_pron/u/uka/ukadj/ukadjus006.mp3","/media/english/us_pron/a/adm/admin/administer.mp3","to control the operation or arrangement of something:","The economy has been badly administered by the present government."
"administer","verb","","","ədˈmɪn·ə·stər","","/media/english/us_pron/a/adm/admin/administer.mp3","to manage or control the operation of something; govern:","The British administered Hong Kong for 99 years."
"administer","verb","","","","","","to give something to someone:","The medication was administered by someone in another room."
"administration","noun","","","","","","the arrangements and tasks needed to control the operation of a plan or organization:","Teachers complain that more of their time is taken up with administration than with teaching."
"administration","noun","","","ədˌmɪn·əˈstreɪ·ʃən","","/media/english/us_pron/a/adm/admin/administration.mp3","the management or control of an organization:","He’s studying business administration."
"administration","noun","","","","","","the activity of managing or dealing with a business activity:","Administration of the scheme is costly in terms of time."
"administrative","adjective","","ədˈmɪn.ɪ.strə.tɪv","ædˈmɪn.ɪˌstreɪ.t̬ɪv","/media/english/uk_pron/u/uka/ukadj/ukadjus008.mp3","/media/english/us_pron/c/cdo/cdo01/cdo0123usadmi0010.mp3","relating to the arrangements and work that is needed to control the operation of a plan or organization:","administrative work"
"administrative","adjective","","ədˈmɪnɪstrətɪv","","/media/english/uk_pron/u/uka/ukadj/ukadjus008.mp3","","relating to the work of managing or organizing a business or business activity:","Flexitime work can be an administrative nightmare for management."
"administrator","noun","","ədˈmɪn.ə.streɪ.t̬ɚ","ədˈmɪn.ə.streɪ.t̬ɚ","/media/english/uk_pron/u/uka/ukadj/ukadjus010.mp3","/media/english/us_pron/a/adm/admin/administrator.mp3","someone whose job is to control the operation of a business, organization, or plan:","From 1969 to 1971, he was administrator of the Illinois state drug abuse program."
"administrator","noun","","","","","","someone whose job is to manage a business or business activity:","A new administrator has taken over at the park, and more stringent business practices are in place."
"admire","verb","","ədˈmaɪr","ədˈmaɪr","/media/english/uk_pron/u/uka/ukadj/ukadjus016.mp3","/media/english/us_pron/a/adm/admir/admire.mp3","to find someone or something attractive and pleasant to look at:","We stood for a few moments, admiring the view."
"admire","verb","","","ədˈmɑɪər","","/media/english/us_pron/a/adm/admir/admire.mp3","to respect and approve of someone or something:","I admire that music more than any other."
"admission","noun","","","","","","the act of agreeing that something is true, especially unwillingly:","Her silence was taken as an admission of guilt."
"admission","noun","","","ədˈmɪʃ·ən","","/media/english/us_pron/a/adm/admis/admission.mp3","permission to study at a school or college, or permission to enter a theater or other building:","How many students will gain admission to Yale?"
"admission","noun","","","","","","something that you say or do that shows that you know you have done something dishonest or have not succeeded in doing something:","The chairman's statement is the first public admission that the board may be considering breaking up the company."
"admit","verb","","ədˈmɪt","ədˈmɪt","/media/english/uk_pron/u/uka/ukadj/ukadjus024.mp3","/media/english/us_pron/a/adm/admit/admit.mp3","to agree that something is true, especially unwillingly:","He admitted his guilt/mistake."
"admit","verb","","","ədˈmɪt","","/media/english/us_pron/a/adm/admit/admit.mp3","to recognize or accept something as true:","He admitted his guilt."
"admit","verb","","ədˈmɪt","","/media/english/uk_pron/u/uka/ukadj/ukadjus024.mp3","","to say that you have done something dishonest or have not succeeded in doing something:","""We need to do more to attract the younger end of the market,"" the Chairman admitted."
"adolescent","noun","","","","","","a young person who is developing into an adult",""
"adolescent","adjective","","","","","","being or relating to an adolescent:","an adolescent boy"
"adolescent","adjective","","","","","","between the ages of a child and an adult:","The two adolescent boys made their mother very tired."
"adopt","verb","","əˈdɒpt","əˈdɑːpt","/media/english/uk_pron/u/uka/ukadm/ukadmon008.mp3","/media/english/us_pron/a/ado/adopt/adopt.mp3","to legally take another person's child into your own family and take care of him or her as your own child:","They've adopted a baby girl."
"adopt","verb","","","əˈdɑpt","","/media/english/us_pron/a/ado/adopt/adopt.mp3","to take another person’s child legally into your own family to raise as your own child:","They adopted Raphael last September."
"adopt","verb","","əˈdɒpt","","/media/english/uk_pron/u/uka/ukadm/ukadmon008.mp3","","to start to use a new method, system, law, etc.:","Many European businesses are now adopting a management style closer to that of the US."
"adoption","noun","","","","","","the act of legally taking a child to be taken care of as your own:","She was homeless and had to put her child up for adoption (= ask for the child to be taken by someone else as their own)"
"adoption","noun","","","əˈdɑp·ʃən","","/media/english/us_pron/a/ado/adopt/adoption.mp3","the act of taking another person's child legally into your family to raise as your own child:","The agency handles about a hundred adoptions a year."
"adoption","noun","","","","","","the process of starting to use a new method, system, law, etc.:","The adoption of tougher credit standards by mortgage lenders is making it hard for borrowers to qualify for new loans."
"adult","noun","","ˈæd.ʌlt","əˈdʌlt","/media/english/uk_pron/u/uka/ukadm/ukadmon026.mp3","/media/english/us_pron/a/adu/adult/adult.mp3","a person or animal that has grown to full size and strength:","An adult under English law is someone over 18 years old."
"adult","adjective","","ˈæd.ʌlt","əˈdʌlt","/media/english/uk_pron/u/uka/ukadm/ukadmon026.mp3","/media/english/us_pron/a/adu/adult/adult.mp3","being, involving, or relating to an adult (= a person or animal that has grown to full size and strength):","an adult male/elephant"
"adult","adjective","","","əˈdʌlt","","/media/english/us_pron/a/adu/adult/adult.mp3","grown to full size and strength:","More than half of adult Americans are considered overweight."
"advance","verb","","ədˈvɑːns","ədˈvæns","/media/english/uk_pron/u/uka/ukadu/ukadult007.mp3","/media/english/us_pron/a/adv/advan/advance.mp3","to go or move something forward, or to develop or improve something:","The fire advanced steadily through the forest."
"advance","noun","","ədˈvɑːns","ədˈvæns","/media/english/uk_pron/u/uka/ukadu/ukadult007.mp3","/media/english/us_pron/a/adv/advan/advance.mp3","the forward movement of something, or an improvement or development in something:","Recent advances in medical science mean that this illness can now be cured."
"advance","adjective","","ədˈvɑːns","ədˈvæns","/media/english/uk_pron/u/uka/ukadu/ukadult007.mp3","/media/english/us_pron/a/adv/advan/advance.mp3","happening, done, or ready before an event:","We got no advance notice of the changes."
"advance","verb","","","ədˈvæns","","/media/english/us_pron/a/adv/advan/advance.mp3","to go or move something forward, or to develop or improve something:","Research has advanced our understanding of the virus."
"advance","adjective","","","ədˈvæns","","/media/english/us_pron/a/adv/advan/advance.mp3","happening before an event:","We got no advance warning of the changes."
"advance","noun","","","ədˈvæns","","/media/english/us_pron/a/adv/advan/advance.mp3","money paid before something happens:","Most authors get an advance on royalties they’ll earn later."
"advance","noun","","ədˈvɑːns","","/media/english/uk_pron/u/uka/ukadu/ukadult007.mp3","","an improvement relating to a particular activity or area of knowledge:","Doctors believe that the findings represent a major advance in treating heart disease."
"advance","verb","","ədˈvɑːns","","/media/english/uk_pron/u/uka/ukadu/ukadult007.mp3","","to develop and become successful, or to make something do this:","Biotechnology continues to advance at a rapid pace."
"advance","adjective","","ədˈvɑːns","","/media/english/uk_pron/u/uka/ukadu/ukadult007.mp3","","done or made before something else happens:","Critics argue that advance planning would have little impact on final policy decisions."
"advanced","adjective","","ədˈvɑːnst","ədˈvænst","/media/english/uk_pron/u/uka/ukadu/ukadult008.mp3","/media/english/us_pron/a/adv/advan/advanced.mp3","modern and well developed:","This is the most advanced type of engine available."
"advanced","adjective","","","ədˈvænst","","/media/english/us_pron/a/adv/advan/advanced.mp3","highly developed or difficult:","Are you taking any advanced courses?"
"advanced","adjective","","ədˈvɑːnst","","/media/english/uk_pron/u/uka/ukadu/ukadult008.mp3","","using the most modern methods, technology, etc.:","An advanced search engine allows you to add additional criteria to your query."
"advantage","noun","","ədˈvɑːn.tɪdʒ","ədˈvæn.t̬ɪdʒ","/media/english/uk_pron/u/uka/ukadu/ukadult010.mp3","/media/english/us_pron/e/eus/eus70/eus70095.mp3","a condition giving a greater chance of success:","The advantage of booking tickets in advance is that you get better seats."
"advantage","verb","","ədˈvɑːn.tɪdʒ","ədˈvæn.t̬ɪdʒ","/media/english/uk_pron/u/uka/ukadu/ukadult010.mp3","/media/english/us_pron/e/eus/eus70/eus70095.mp3","to make someone or something more likely to be successful by creating a situation that helps them:","Affluent parents seek to advantage their children by sending them to more exclusive schools."
"advantage","noun","","","ədˈvæn·tɪdʒ","","/media/english/us_pron/e/eus/eus70/eus70095.mp3","a condition that helps you or gives you a greater chance of success:","His long arms give him a big advantage over other boxers."
"advantage","noun","","ədˈvɑːntɪdʒ","","/media/english/uk_pron/u/uka/ukadu/ukadult010.mp3","","a good feature that makes something better than similar things:","Smaller businesses often have an advantage in the area of customer relations."
"adventure","noun","","ədˈven.tʃɚ","ədˈven.tʃɚ","/media/english/uk_pron/u/uka/ukadu/ukadult017.mp3","/media/english/us_pron/e/eus/eus70/eus70096.mp3","an unusual, exciting, and possibly dangerous activity, such as a trip or experience, or the excitement produced by such an activity:","They went on an adventure hunting for treasure in the western hills."
"adventure","noun","","","ədˈven·tʃər","","/media/english/us_pron/e/eus/eus70/eus70096.mp3","an unusual, exciting, and possibly dangerous activity, trip, or experience, or the excitement produced by such activities:","She had some exciting adventures in Peru."
"adverse","adjective","","ˈæd.vɜːs","ædˈvɝːs","/media/english/uk_pron/u/uka/ukadu/ukadult025.mp3","/media/english/us_pron/a/adv/adver/adverse.mp3","having a negative or harmful effect on something:","They received a lot of adverse publicity about the changes."
"adverse","adjective","","","ædˈvɜrs","","/media/english/us_pron/a/adv/adver/adverse.mp3","going against something, or causing harm:","Her policies may have adverse effects on the economy."
"adverse","adjective","","ˈædvɜːs","","/media/english/uk_pron/u/uka/ukadu/ukadult025.mp3","","harmful or likely to cause problems:","A chain reaction of adverse events in the financial markets has put lenders under severe pressure."
"advertise","verb","","ˈæd.və.taɪz","ˈæd.vɚ.taɪz","/media/english/uk_pron/u/uka/ukadu/ukadult029.mp3","/media/english/us_pron/e/eus/eus70/eus70100.mp3","to make something known generally or in public, especially in order to sell it:","We advertised our car in the local newspaper."
"advertise","verb","","","ˈæd·vərˌtɑɪz","","/media/english/us_pron/e/eus/eus70/eus70100.mp3","to make something known generally or in public, esp. in order to sell it:","He advertises his business on the Internet."
"advertise","verb","","ˈædvətaɪz","","/media/english/uk_pron/u/uka/ukadu/ukadult029.mp3","","to make a product or service known about in order to sell it, for example using the internet, magazines, television, or billboards:","Financial companies have changed the way they advertise."
"advertisement","noun","","ədˈvɜː.tɪs.mənt","ˌæd.vɚˈtaɪz.mənt","/media/english/uk_pron/u/uka/ukadu/ukadult030.mp3","/media/english/us_pron/a/adv/adver/advertisement.mp3","a picture, short film, song, etc. that tries to persuade people to buy a product or service:","I saw an advertisement for the new restaurant that opened in town."
"advertisement","noun","","","ˌæd·vərˈtɑɪz·mənt","","/media/english/us_pron/a/adv/adver/advertisement.mp3","a paid notice that tells people about a product or service:","I saw an advertisement for the job in yesterday’s paper."
"advertisement","noun","","ədˈvɜːtɪsmənt","ˌædvərˈtaɪzmənt","/media/english/uk_pron/u/uka/ukadu/ukadult030.mp3","/media/english/us_pron/a/adv/adver/advertisement.mp3","a picture, sign, etc. that is used to make a product or service known and persuade people to buy it:","Her first modelling job was in an advertisement for baked beans."
"advertising","noun","","ˈæd.və.taɪ.zɪŋ","ˈæd.vɚ.taɪ.zɪŋ","/media/english/uk_pron/u/uka/ukadv/ukadver002.mp3","/media/english/us_pron/a/adv/adver/advertising.mp3","the business of trying to persuade people to buy products or services:","Fiona works in advertising."
"advertising","noun","","","ˈæd·vərˌtɑɪ·zɪŋ","","/media/english/us_pron/a/adv/adver/advertising.mp3","a business that makes things known generally or in public, esp. in order to sell them:","an advertising campaign"
"advertising","noun","","ˈædvətaɪzɪŋ","","/media/english/uk_pron/u/uka/ukadv/ukadver002.mp3","","the activity of making products or services known about and persuading people to buy them:","Understand how effective online advertising is and how different users react to different kinds of adverts."
"advice","noun","","ədˈvaɪs","ədˈvaɪs","/media/english/uk_pron/u/uka/ukadv/ukadver004.mp3","/media/english/us_pron/a/adv/advic/advice.mp3","an opinion that someone offers you about what you should do or how you should act in a particular situation:","I need some advice on which computer to buy."
"advice","noun","","","ədˈvɑɪs","","/media/english/us_pron/a/adv/advic/advice.mp3","an opinion that someone offers you about what you should do or how you should act in a particular situation:","She gave me some good advice."
"advice","noun","","ədˈvaɪs","","/media/english/uk_pron/u/uka/ukadv/ukadver004.mp3","","an opinion that someone gives you about what you should do or how you should behave in a particular situation:","Some of them give really helpful advice about the job market."
"advise","verb","","ədˈvaɪz","ədˈvaɪz","/media/english/uk_pron/u/uka/ukadv/ukadver007.mp3","/media/english/us_pron/a/adv/advis/advise.mp3","to give someone advice:","I think I'd advise him to leave the company."
"advise","verb","","","ədˈvɑɪz","","/media/english/us_pron/a/adv/advis/advise.mp3","to give advice to someone, or to suggest something",""
"advise","verb","","ədˈvaɪz","","/media/english/uk_pron/u/uka/ukadv/ukadver007.mp3","","to give someone useful information, or to tell them what you think they should do:","Some employment lawyers have advised employers to dismiss staff now, before the limit for compensation is raised."
"advocate","verb","","ˈæd.və.keɪt","ˈæd.və.keɪt","/media/english/uk_pron/u/uka/ukadv/ukadver013.mp3","/media/english/us_pron/a/adv/advoc/advocate_01_00.mp3","to publicly support or suggest an idea, development, or way of doing something:","She advocates taking a more long-term view."
"advocate","noun","","ˈæd.və.kət","ˈæd.və.kət","/media/english/uk_pron/u/uka/ukadv/ukadver014.mp3","/media/english/us_pron/a/adv/advoc/advocate_01_01.mp3","a lawyer who speaks for or defends someone in a court of law:","She has been the advocate for plaintiffs in many successful libel cases."
"advocate","verb","","","ˈæd·vəˌkeɪt","","/media/english/us_pron/a/adv/advoc/advocate_01_00.mp3","to speak in support of an idea or course of action:","Some people advocate teaching to the test."
"advocate","verb","","ˈædvəkeɪt","","/media/english/uk_pron/u/uka/ukadv/ukadver013.mp3","","to publicly support or suggest an idea, plan, or way of doing something:","The Food Standards Agency advocated a ban on advertising junk food to children."
"advocate","noun","","ˈædvəkət","","/media/english/uk_pron/u/uka/ukadv/ukadver014.mp3","","someone who publicly supports something they believe in:","He was an advocate for small businesses around Newark."
"aesthetic","adjective","","esˈθet.ɪk","esˈθet̬.ɪk","/media/english/uk_pron/u/uka/ukaer/ukaerog009.mp3","/media/english/us_pron/a/aes/aesth/aesthetic.mp3","relating to the enjoyment or study of beauty:","The new building has little aesthetic value/appeal."
"aesthetic","noun","","esˈθet.ɪk","esˈθet̬.ɪk","","","a set of principles used in a particular artistic movement (= a group of artists with the same ideas or style):","the Surrealist/Modernist aesthetic"
"aesthetic","adjective","","","esˈθet̬·ɪk","","/media/english/us_pron/a/aes/aesth/aesthetic.mp3","relating to the enjoyment or study of beauty, or showing great beauty:","Those buildings have little aesthetic appeal."
"affair","noun","","əˈfer","əˈfer","/media/english/uk_pron/u/uka/ukaer/ukaerog017.mp3","/media/english/us_pron/a/aff/affai/affair.mp3","a situation or subject that is being dealt with or considered:","As a leader, he's been criticized for his inexperience in foreign affairs."
"affair","noun","","","əˈfeər","","/media/english/us_pron/a/aff/affai/affair.mp3","a situation or subject that is being dealt with or considered; a matter:","The meeting was addressed by an expert in South American affairs."
"affect","verb","","əˈfekt","əˈfekt","/media/english/uk_pron/u/uka/ukaer/ukaerog018.mp3","/media/english/us_pron/a/aff/affec/affect.mp3","to have an influence on someone or something, or to cause a change in someone or something:","Both buildings were badly affected by the fire."
"affect","noun","","ˈæf.ekt","ˈæf.ekt","/media/english/uk_pron/c/cdo/cdo02/cdo0225ukaffe0027.mp3","/media/english/us_pron/c/cdo/cdo02/cdo0225usaffe0027.mp3","a particular type of emotion or mood, or a reaction, such as the expressions on someone's face, that shows they are feeling this:","He seems blank, without affect, his movements awkward and his eyes unfocused."
"affect","verb","","","əˈfekt","","/media/english/us_pron/a/aff/affec/affect.mp3","to have an influence on someone or something:","The disease only affects cattle."
"affection","noun","","","","","","a feeling of liking for a person or place:","She felt no affection for the child."
"affection","noun","","","əˈfek·ʃən","","/media/english/us_pron/a/aff/affec/affection.mp3","a feeling of liking someone or something:","Pets should be treated with affection."
"afford","verb","","əˈfɔːd","əˈfɔːrd","/media/english/uk_pron/u/uka/ukaff/ukaffir011.mp3","/media/english/us_pron/a/aff/affor/afford.mp3","to be able to buy or do something because you have enough money or time:","I don't know how he can afford a new car on his salary."
"afford","verb","","","əˈfɔrd","","/media/english/us_pron/a/aff/affor/afford.mp3","to have enough money or time to buy, keep, or do something:","I don’t know how he can afford a new car."
"afford","verb","","əˈfɔːd","","/media/english/uk_pron/u/uka/ukaff/ukaffir011.mp3","","to be able to buy or do something because you have enough money:","He is over 60 and can't afford his pension contributions."
"affordable","adjective","","","","","","not expensive:","nice clothes at affordable prices"
"affordable","adjective","","","əˈfɔr·də·bəl","","/media/english/us_pron/a/aff/affor/affordable.mp3","not expensive:","Affordable housing isn’t enough – we also need job opportunities."
"affordable","adjective","","əˈfɔːdəbl","","/media/english/uk_pron/u/uka/ukaff/ukaffir012.mp3","","not expensive:","They are meeting consumer demand for fashionable products at affordable prices."
"afraid","adjective","","əˈfreɪd","əˈfreɪd","/media/english/uk_pron/u/uka/ukafo/ukafore002.mp3","/media/english/us_pron/a/afr/afrai/afraid.mp3","feeling fear, or feeling worry about the possible results of a particular situation:","She was afraid for her children (= feared that they might be hurt)"
"afraid","adjective","","","əˈfreɪd","","/media/english/us_pron/a/afr/afrai/afraid.mp3","feeling fear, or feeling anxiety about the possible results of a particular situation:","She was afraid, but never thought of quitting."
"after","preposition","","ˈæf.tɚ","ˈæf.tɚ","/media/english/uk_pron/u/uka/ukafo/ukafore011.mp3","/media/english/us_pron/a/aft/after/after.mp3","following in time, place, or order:","Let's go for a walk after breakfast."
"after","adverb","","ˈæf.tɚ","ˈæf.tɚ","/media/english/uk_pron/u/uka/ukafo/ukafore011.mp3","/media/english/us_pron/a/aft/after/after.mp3","later than someone or something else:","Hilary got here at midday and Nick arrived soon after."
"after","conjunction","","ˈæf.tɚ","ˈæf.tɚ","/media/english/uk_pron/u/uka/ukafo/ukafore011.mp3","/media/english/us_pron/a/aft/after/after.mp3","at a time that is later than another event:","Three months after they moved out, the house was still empty."
"after","prefix","","æf.tɚ-","æf.tɚ-","/media/english/uk_pron/u/uka/ukafo/ukafore011.mp3","/media/english/us_pron/a/aft/after/after.mp3","coming after:","an after-dinner speech"
"after","preposition","","","ˈæf·tər","","/media/english/us_pron/a/aft/after/after.mp3","following in time, place, or order:","What do you want to do after breakfast?"
"aftermath","noun","","ˈɑːf.tə.mæθ","ˈæf.tɚ.mæθ","/media/english/uk_pron/u/uka/ukafo/ukafore016.mp3","/media/english/us_pron/a/aft/after/aftermath.mp3","the period that follows an unpleasant event or accident, and the effects that it causes:","Many more people died in the aftermath of the explosion."
"aftermath","noun","","","ˈæf·tərˌmæθ","","/media/english/us_pron/a/aft/after/aftermath.mp3","the period following an event, such as an accident or war, and the effects caused by the event:","We all worked together in the aftermath of the earthquake."
"afternoon","noun","","ˌɑːf.təˈnuːn","ˌæf.tɚˈnuːn","/media/english/uk_pron/u/uka/ukafo/ukafore017.mp3","/media/english/us_pron/a/aft/after/afternoon.mp3","the period that starts at about twelve o'clock or after the meal in the middle of the day and ends at about six o'clock or when the sun goes down:","It was a sunny afternoon."
"afternoon","exclamation","","ˌɑːf.təˈnuːn","ˌæf.tɚˈnuːn","/media/english/uk_pron/u/uka/ukafo/ukafore017.mp3","/media/english/us_pron/a/aft/after/afternoon.mp3","a friendly way of greeting someone when you meet them in the afternoon:","Afternoon, Bob!"
"afternoon","noun","","","ˌæf·tərˈnun","","/media/english/us_pron/a/aft/after/afternoon.mp3","the period that starts at about twelve o’clock or after the meal in the middle of the day and ends at about six o’clock or when the sun goes down:","She works three afternoons a week at the library."
"afterwards","adverb","","ˈɑːf.tə.wədz","ˈæf.tɚ.wɚdz","/media/english/uk_pron/u/uka/ukafo/ukafore025.mp3","/media/english/us_pron/a/aft/after/afterwards_afterward.mp3","after the time mentioned:","We had tea, and afterwards we sat in the garden for a while."
"again","adverb","","əˈɡen","əˈɡen","/media/english/uk_pron/u/uka/ukafo/ukafore027.mp3","/media/english/us_pron/a/aga/again/again.mp3","one more time:","Could you spell your name again, please?"
"again","adverb","","","əˈɡen","","/media/english/us_pron/a/aga/again/again.mp3","once more, or as before:","Could you spell your name again please?"
"against","preposition","","əˈɡenst","əˈɡenst","/media/english/uk_pron/u/uka/ukafo/ukafore028.mp3","/media/english/us_pron/a/aga/again/against.mp3","next to and touching or being supported by (something):","Why don't we put the bed against the wall?"
"against","preposition","","","əˈɡenst","","/media/english/us_pron/a/aga/again/against.mp3","in opposition to; opposed to:","I know you’d like to get a more expensive car, but I’m against it."
"age","noun","","eɪdʒ","eɪdʒ","/media/english/uk_pron/u/uka/ukage/ukage__001.mp3","/media/english/us_pron/a/age/age__/age.mp3","the period of time someone has been alive or something has existed:","Do you know the age of that building?"
"age","verb","","eɪdʒ","eɪdʒ","/media/english/uk_pron/u/uka/ukage/ukage__001.mp3","/media/english/us_pron/a/age/age__/age.mp3","If someone ages or something ages them, they look older:","She's aged since the last time we met."
"age","suffix","","-ɪdʒ","-ɪdʒ","/media/english/uk_pron/e/epd/epd31/epd31125.mp3","/media/english/us_pron/a/age/age__/age.mp3","used to form nouns that refer to the action or result of something:","blockage"
"age","noun","","","eɪdʒ","","/media/english/us_pron/a/age/age__/age.mp3","the length of time someone has been alive or something has existed:","At age 24 he won a starring role in his first movie."
"age","verb","","","eɪdʒ","","/media/english/us_pron/a/age/age__/age.mp3","to become or appear old, or to cause someone to appear old:","She’s aged a lot since the last time we met."
"aged","adjective","","eɪdʒd","eɪdʒd","/media/english/uk_pron/u/uka/ukage/ukage__003.mp3","/media/english/us_pron/a/age/aged_/aged.mp3","of the age of:","They've got one daughter, Isabel, aged three."
"aged","noun","","ˈeɪ.dʒɪd","ˈeɪ.dʒɪd","/media/english/uk_pron/u/uka/ukage/ukage__002.mp3","/media/english/us_pron/a/age/aged_/aged.mp3","old people when considered as a group:","The hospital was built to meet the needs of the aged."
"aged","adjective","","","ˈeɪ·dʒɪd","","/media/english/us_pron/a/age/aged_/aged_01_00.mp3","old:","an aged man"
"aged","plural noun","","","ˈeɪ·dʒɪd","","/media/english/us_pron/a/age/aged_/aged_01_00.mp3","old people:","The apartment was built to meet the needs of the aged."
"agency","noun","","","","","","a business that represents one group of people when dealing with another group:","an advertising/employment/estate/travel agency"
"agency","noun","","","ˈeɪ·dʒən·si","","/media/english/us_pron/a/age/agenc/agency.mp3","a business acting for or representing a person, an organization, or another business:","an advertising/employment agency"
"agency","noun","","","","","","a business that provides a service to other people or organizations:","Background checks may be done in-house or by an outside agency."
"agenda","noun","","əˈdʒen.də","əˈdʒen.də","/media/english/uk_pron/u/uka/ukage/ukage__009.mp3","/media/english/us_pron/e/eus/eus70/eus70118.mp3","a list of matters to be discussed at a meeting:","There were several important items on the agenda."
"agenda","noun","","","əˈdʒen·də","","/media/english/us_pron/e/eus/eus70/eus70118.mp3","a list of matters to be discussed at a meeting:","Among the items on the agenda were next year’s budget and raising the membership dues."
"agenda","noun","","əˈdʒendə","","/media/english/uk_pron/u/uka/ukage/ukage__009.mp3","","the things that a person or organization considers to be important and wants to solve or achieve, or their reasons for wanting to do something:","Agendas change with the times, as every CEO knows."
"agent","noun","","","","","","a person who acts for or represents another:","Please contact our agent in Spain for further information."
"agent","noun","","","ˈeɪ·dʒənt","","/media/english/us_pron/a/age/agent/agent.mp3","a person who acts for or represents another:","a travel agent"
"agent","noun","","","","","","a person who is paid to buy or sell products or provide a service for a company, but who is not a regular employee:","Following the recent insurance scam, legislation is being put in place to ensure all agents protect their customers' best interests."
"aggression","noun","","","","","","spoken or physical behaviour that is threatening or involves harm to someone or something:","Some types of dog are bred for aggression."
"aggression","noun","","","əˈɡreʃ·ən","","/media/english/us_pron/a/agg/aggre/aggression.mp3","actions or behavior that use threats or force against others:","We regard the presence of troops on our border as an act of aggression."
"aggressive","adjective","","əˈɡres.ɪv","əˈɡres.ɪv","/media/english/uk_pron/u/uka/ukage/ukage__022.mp3","/media/english/us_pron/a/agg/aggre/aggressive.mp3","showing anger and a willingness to attack other people:","The stereotype is that men tend to be more aggressive than women."
"aggressive","adjective","","","əˈɡres·ɪv","","/media/english/us_pron/a/agg/aggre/aggressive.mp3","using strong, forceful methods esp. to sell or persuade:","The company mounted an aggressive marketing campaign."
"aggressive","adjective","","əˈɡresɪv","","/media/english/uk_pron/u/uka/ukage/ukage__022.mp3","","done in a very forceful and competitive way in order to gain an advantage:","Through aggressive marketing in Europe and Asia, the company pulled in an extra $4.5 billion and doubled its share prices."
"ago","adverb","","əˈɡəʊ","əˈɡoʊ","/media/english/uk_pron/u/uka/ukagi/ukagita012.mp3","/media/english/us_pron/a/ago/ago__/ago.mp3","back in time from the present:","He left the house over an hour ago."
"ago","adverb","","","əˈɡoʊ","","/media/english/us_pron/a/ago/ago__/ago.mp3","back in the past; back in time from the present:","That was a few years ago."
"agree","verb","","əˈɡriː","əˈɡriː","/media/english/uk_pron/u/uka/ukagi/ukagita021.mp3","/media/english/us_pron/a/agr/agree/agree.mp3","to have the same opinion:","Ann and I never seem to agree."
"agree","verb","","","əˈɡri","","/media/english/us_pron/a/agr/agree/agree.mp3","to have the same opinion, or to accept a suggestion or idea:","I agree with you."
"agree","verb","","əˈɡriː","","/media/english/uk_pron/u/uka/ukagi/ukagita021.mp3","","to accept someone else’s plan, suggestion, etc.:","Federal regulators and US lenders agreed to freeze interest rates on subprime mortgages for five years."
"agreement","noun","","əˈɡriː.mənt","əˈɡriː.mənt","/media/english/uk_pron/u/uka/ukagi/ukagita024.mp3","/media/english/us_pron/a/agr/agree/agreement.mp3","the situation in which people have the same opinion, or in which they approve of or accept something:","Are we all in agreement?"
"agreement","noun","","","əˈɡri·mənt","","/media/english/us_pron/a/agr/agree/agreement.mp3","the condition of having the same opinion, or a decision or arrangement between two or more people or groups to do something or to obey the same rules:","a new trade agreement"
"agreement","noun","","əˈɡriːmənt","","/media/english/uk_pron/u/uka/ukagi/ukagita024.mp3","","a decision or arrangement that has been made and accepted by two or more people, groups, organizations, etc.:","Based on the rental agreement between the landlord and the tenant, either party must give 30 days notice to terminate the agreement."
"agricultural","adjective","","","","","","used for farming or relating to farming:","The world's supply of agricultural land is shrinking fast."
"agricultural","adjective","","","","","","relating to or used in farming:","Over the past ten years, their agricultural exports to the United States grew by 133%."
"agriculture","noun","","ˈæɡ.rə.kʌl.tʃɚ","ˈæɡ.rə.kʌl.tʃɚ","/media/english/uk_pron/u/uka/ukagi/ukagita027.mp3","/media/english/us_pron/a/agr/agric/agriculture.mp3","farming:","Agriculture is still largely based on traditional methods in some countries."
"agriculture","noun","","","ˈæɡ·rɪˌkʌl·tʃər","","/media/english/us_pron/a/agr/agric/agriculture.mp3","the practice or work of farming:","Agriculture and tourism are both important to the region’s economy."
"agriculture","noun","","","","","","the business, science, or activity of farming:","Recent floods have devastated the state’s agriculture, with sharp declines in its production of corn, soy, and wheat crops."
"ah","exclamation","","ɑː","ɑː","/media/english/uk_pron/u/uka/ukagi/ukagita030.mp3","/media/english/us_pron/a/ah_/ah___/ah.mp3","used to express understanding, pleasure, pain, surprise, or the fact that you have noticed something:","Ah, I see."
"ah","exclamation","","","ɑ","","/media/english/us_pron/a/ah_/ah___/ah.mp3","used to show a sudden feeling, such as one of surprise, pleasure, or understanding:","Ah, so that’s what the problem was!"
"ahead","adverb","","əˈhed","əˈhed","/media/english/uk_pron/u/uka/ukaha/ukaha__003.mp3","/media/english/us_pron/a/ahe/ahead/ahead.mp3","in front:","The road ahead is very busy."
"ahead","adverb","","","əˈhed","","/media/english/us_pron/a/ahe/ahead/ahead.mp3","directly in front:","She only had a few things in her shopping cart, so I told her she could go ahead of me in the checkout line."
"ahead","adverb","","əˈhed","","/media/english/uk_pron/u/uka/ukaha/ukaha__003.mp3","","at a better, higher, or greater level than before:","First-half figures showed that pre-tax profits were ahead by 8% to £94.8m."
"aid","noun","","eɪd","eɪd","/media/english/uk_pron/u/uka/ukaha/ukaha__008.mp3","/media/english/us_pron/a/aid/aid__/aid.mp3","a piece of equipment that helps you to do something:","teaching aids, such as books and videos"
"aid","verb","","eɪd","eɪd","/media/english/uk_pron/u/uka/ukaha/ukaha__008.mp3","/media/english/us_pron/a/aid/aid__/aid.mp3","to help:","Huge projects designed to aid poorer countries can sometimes do more harm than good."
"aid","noun","","","eɪd","","/media/english/us_pron/a/aid/aid__/aid.mp3","help or support, or something that provides it:","He gets around with the aid of a cane."
"aid","noun","","eɪd","","/media/english/uk_pron/u/uka/ukaha/ukaha__008.mp3","","money, food, medicine, or other supplies that are sent to people or countries who need them because of a difficult situation:","The government has already appealed for 800,000 tonnes of food aid to feed its starving population."
"aid","verb","","eɪd","","/media/english/uk_pron/u/uka/ukaha/ukaha__008.mp3","","to help or support someone or something:","Better training policies and new technologies are aiding disabled people in the workplace."
"aide","noun","","eɪd","eɪd","/media/english/uk_pron/u/uka/ukaha/ukaha__008.mp3","/media/english/us_pron/a/aid/aid__/aid.mp3","a person whose job is to help someone important, such as a member of a government or a military officer of high rank:","a senior government aide"
"aide","noun","","","eɪd","","/media/english/us_pron/a/aid/aid__/aid.mp3","a person whose job is to help someone important, such as a member of a government or a military officer of high rank:","The senator asked an aide to distribute copies of his speech."
"aids","noun","","eɪdz","eɪdz","/media/english/uk_pron/u/uka/ukaha/ukaha__010.mp3","/media/english/us_pron/a/aid/aids_/aids.mp3","abbreviation for Acquired Immunodeficiency Syndrome: a serious disease caused by a virus that destroys the body's natural protection from infection:","Don had full-blown AIDS for over a year before he died."
"aids","noun","","","eɪdz","","/media/english/us_pron/a/aid/aids_/aids.mp3","abbreviation for acquired immune deficiency syndrome (= serious disease caused by a virus that destroys the body’s natural protection from infection and can result in death)",""
"aim","noun","","eɪm","eɪm","/media/english/uk_pron/u/uka/ukaha/ukaha__015.mp3","/media/english/us_pron/a/aim/aim__/aim.mp3","a result that your plans or actions are intended to achieve:","My main"
"aim","verb","","eɪm","eɪm","/media/english/uk_pron/u/uka/ukaha/ukaha__015.mp3","/media/english/us_pron/a/aim/aim__/aim.mp3","to intend:","I aim to"
"aim","verb","","","eɪm","","/media/english/us_pron/a/aim/aim__/aim.mp3","to point or direct a weapon or other object toward someone or something:","I turned and saw a big man aiming a camera at me."
"aim","noun","","","eɪm","","/media/english/us_pron/a/aim/aim__/aim.mp3","a result that your plans or actions are intended to achieve:","The commission’s aim was to convince workers of their extreme importance in ship production."
"aim","noun","","eɪm","","/media/english/uk_pron/u/uka/ukaha/ukaha__015.mp3","","something that you plan or hope to achieve:","Our aim is customer satisfaction."
"aim","verb","","eɪm","","/media/english/uk_pron/u/uka/ukaha/ukaha__015.mp3","","to plan or hope to achieve something:","A spokesman for the company says they are aiming to increase sales by 25% next year."
"aim","noun","","","","","","abbreviation for Alternative Investment Market: a stock market for small companies that is part of the London Stock Exchange:","Originally an AIM share, SFI now has a full listing on the main stock market."
"air","noun","","er","er","/media/english/uk_pron/u/uka/ukaha/ukaha__020.mp3","/media/english/us_pron/a/air/air__/air.mp3","the mixture of gases that surrounds the earth and that we breathe:","I went outside to get some fresh air."
"air","verb","","er","er","/media/english/uk_pron/u/uka/ukaha/ukaha__020.mp3","/media/english/us_pron/a/air/air__/air.mp3","to make opinions or complaints known to other people:","Putting a complaint in the suggestions box is one way of airing your grievances."
"air","noun","","","eər","","/media/english/us_pron/a/air/air__/air.mp3","the mixture of gases that surrounds the earth and that we breathe:","Let’s go outside for some fresh air."
"air","verb","","","er","","/media/english/us_pron/a/air/air__/air.mp3","to broadcast something on radio or television:","The game will be aired at 9 p.m. tomorrow."
"air","noun","","","","","","travelling by or using planes:","25% of the state's economy is fueled by tourists who travel by air."
"aircraft","noun","","ˈeə.krɑːft","ˈer.kræft","/media/english/uk_pron/u/uka/ukaha/ukaha__028.mp3","/media/english/us_pron/a/air/aircr/aircraft.mp3","any vehicle, with or without an engine, that can fly, such as a plane or helicopter:","military aircraft"
"aircraft","noun","","","ˈeərˌkræft","","/media/english/us_pron/a/air/aircr/aircraft.mp3","any vehicle made to fly",""
"aircraft","noun","","ˈeəkrɑːft","","/media/english/uk_pron/u/uka/ukaha/ukaha__028.mp3","","a vehicle such as a plane or a helicopter that can fly and carry goods or passengers:","a commercial/passenger aircraft"
"airline","noun","","ˈeə.laɪn","ˈer.laɪn","/media/english/uk_pron/u/uka/ukair/ukairfi010.mp3","/media/english/us_pron/u/usa/usair/usairfa007.mp3","a business that operates regular services for carrying passengers and/or goods by aircraft:","What airline did you fly with?"
"airline","noun","","","ˈer·lɑɪn","","/media/english/us_pron/u/usa/usair/usairfa007.mp3","a business that operates regular services for carrying passengers or goods by aircraft",""
"airline","noun","","ˈeəlaɪn","","/media/english/uk_pron/u/uka/ukair/ukairfi010.mp3","","a business that operates regular services for carrying passengers or goods by plane:","The airline operates between London and top destinations of North America and the Caribbean."
"airport","noun","","ˈeə.pɔːt","ˈer.pɔːrt","/media/english/uk_pron/u/uka/ukair/ukairfi017.mp3","/media/english/us_pron/u/usa/usair/usairfa014.mp3","a place where aircraft regularly take off and land, with buildings for passengers to wait in:","an international airport"
"airport","noun","","","ˈeərˌpɔrt","","/media/english/us_pron/u/usa/usair/usairfa014.mp3","a place where aircraft regularly take off and land, with buildings for passengers and flight management",""
"airport","noun","","ˈeəpɔːt","","/media/english/uk_pron/u/uka/ukair/ukairfi017.mp3","","a place where aircraft regularly take off and land, with buildings for passengers to wait in:","a a commercial/major airport"
"alarm","noun","","əˈlɑːm","əˈlɑːrm","/media/english/uk_pron/u/uka/ukair/ukairwo018.mp3","/media/english/us_pron/a/ala/alarm/alarm.mp3","a warning of danger, usually a loud noise or flashing light:","He was almost home when the alarm sounded."
"alarm","verb","","əˈlɑːm","əˈlɑːrm","/media/english/uk_pron/u/uka/ukair/ukairwo018.mp3","/media/english/us_pron/a/ala/alarm/alarm.mp3","to make someone worried or frightened:","I didn't want to alarm him by telling him that she was ill."
"alarm","noun","","","əˈlɑrm","","/media/english/us_pron/a/ala/alarm/alarm.mp3","sudden anxiety and fear, esp. that something very bad or dangerous might happen:","Nicholas detected a note of alarm in her voice."
"alarm","verb","","","əˈlɑrm","","/media/english/us_pron/a/ala/alarm/alarm.mp3","to feel or cause sudden anxiety and fear:","Guests were sometimes alarmed to learn that we never locked the doors of the house."
"albeit","conjunction","","ɔːlˈbiː.ɪt","ɑːlˈbiː.ɪt","/media/english/uk_pron/u/uka/ukair/ukairwo029.mp3","/media/english/us_pron/e/eus/eus70/eus70139.mp3","although:","The evening was very pleasant, albeit a little quiet."
"albeit","conjunction","","","ɔlˈbi·ɪt","","/media/english/us_pron/e/eus/eus70/eus70139.mp3","despite the stated thing; although:","The nation is adapting, albeit slowly, to the new global economy."
"album","noun","","ˈæl.bəm","ˈæl.bəm","/media/english/uk_pron/u/uka/ukalb/ukalbin002.mp3","/media/english/us_pron/a/alb/album/album.mp3","a collection of several pieces of music, made available as a single item on a CD, the internet, etc.:","Have you heard their new album?"
"album","noun","","","ˈæl·bəm","","/media/english/us_pron/a/alb/album/album.mp3","a recording of several pieces of music:","Her new album includes two hit singles."
"alcohol","noun","","ˈæl.kə.hɒl","ˈæl.kə.hɑːl","/media/english/uk_pron/u/uka/ukalb/ukalbin006.mp3","/media/english/us_pron/a/alc/alcoh/alcohol.mp3","drinks such as beer and wine that contain a substance that can make people drunk:","In Rhode Island, the legal age for purchase and consumption of alcohol is 21 years of age."
"alcohol","noun","","","ˈæl·kəˌhɔl","","/media/english/us_pron/a/alc/alcoh/alcohol.mp3","a liquid that is produced in making wine, beer, and liquor and that can cause changes in behavior in people who drink it:","Most wines contain about 12% alcohol."
"alcoholic","adjective","","ˌæl.kəˈhɒl.ɪk","ˌæl.kəˈhɑː.lɪk","/media/english/uk_pron/u/uka/ukalb/ukalbin007.mp3","/media/english/us_pron/a/alc/alcoh/alcoholic.mp3","containing alcohol:","alcoholic drinks"
"alcoholic","noun","","ˌæl.kəˈhɒl.ɪk","ˌæl.kəˈhɑː.lɪk","/media/english/uk_pron/u/uka/ukalb/ukalbin007.mp3","/media/english/us_pron/a/alc/alcoh/alcoholic.mp3","a person who is unable to give up the habit of drinking alcohol very often and in large amounts",""
"alcoholic","noun","","","ˌæl·kəˈhɔ·lɪk","","/media/english/us_pron/a/alc/alcoh/alcoholic.mp3","a person who is unable to give up the habit of drinking too much alcohol",""
"alert","adjective","","əˈlɜːt","əˈlɝːt","/media/english/uk_pron/u/uka/ukalb/ukalbin013.mp3","/media/english/us_pron/a/ale/alert/alert.mp3","quick to see, understand, and act in a particular situation:","I'm not feeling very alert today - not enough sleep last night!"
"alert","noun","","əˈlɜːt","əˈlɝːt","/media/english/uk_pron/u/uka/ukalb/ukalbin013.mp3","/media/english/us_pron/a/ale/alert/alert.mp3","a warning to people to be prepared to deal with something dangerous:","a bomb"
"alert","verb","","əˈlɜːt","əˈlɝːt","/media/english/uk_pron/u/uka/ukalb/ukalbin013.mp3","/media/english/us_pron/a/ale/alert/alert.mp3","to warn someone of a possibly dangerous situation:","An anonymous letter alerted police to"
"alert","adjective","","","əˈlɜrt","","/media/english/us_pron/a/ale/alert/alert.mp3","quick to see, understand, and act in a particular situation:","When you’re driving, you must stay alert."
"alert","noun","","","əˈlɜrt","","/media/english/us_pron/a/ale/alert/alert.mp3","a warning to people to get ready to deal with something dangerous:","The police were on the alert for (= watching carefully for)"
"alien","adjective","","ˈeɪ.li.ən","ˈeɪ.li.ən","/media/english/uk_pron/u/uka/ukalb/ukalbin025.mp3","/media/english/us_pron/a/ali/alien/alien.mp3","relating to creatures from another planet:","an alien spacecraft"
"alien","noun","","ˈeɪ.li.ən","ˈeɪ.li.ən","/media/english/uk_pron/u/uka/ukalb/ukalbin025.mp3","/media/english/us_pron/a/ali/alien/alien.mp3","a creature from a different planet:","He believes that aliens visit Earth in UFOs."
"alien","noun","","","ˈeɪ·li·ən","","/media/english/us_pron/a/ali/alien/alien.mp3","a person who lives in a country but is not a citizen (= member of a country with specific rights)",""
"alien","adjective","","","ˈeɪ·li·ən","","/media/english/us_pron/a/ali/alien/alien.mp3","coming from a different country, race, or group; foreign:","alien customs"
"alien","noun","","ˈeɪliən","","/media/english/uk_pron/u/uka/ukalb/ukalbin025.mp3","","a person who lives in a foreign country of which they are not a citizen:","illegal aliens"
"align","verb","","əˈlaɪn","əˈlaɪn","/media/english/uk_pron/u/uka/ukalb/ukalbin030.mp3","/media/english/us_pron/a/ali/align/align.mp3","to put two or more things into a straight line, or to form a straight line:","Align the ruler and the middle of the paper and then cut it straight."
"align","verb","","","əˈlɑɪn","","/media/english/us_pron/a/ali/align/align.mp3","to put two or more things into a straight line:","You need to align the numbers properly in a column."
"align","verb","","əˈlaɪn","","/media/english/uk_pron/u/uka/ukalb/ukalbin030.mp3","","to change something so that it has a correct relationship to something else:","Later this year, the company will introduce a price platform for its home insurance contracts, and will align all its prices."
"alignment","noun","","əˈlaɪn.mənt","əˈlaɪn.mənt","/media/english/uk_pron/u/uka/ukali/ukalign001.mp3","/media/english/us_pron/a/ali/align/alignment.mp3","an arrangement in which two or more things are positioned in a straight line or parallel to each other:","This mattress supports the body in a way that keeps the neck and spine in alignment."
"alike","adjective","","əˈlaɪk","əˈlaɪk","/media/english/uk_pron/u/uka/ukali/ukalign002.mp3","/media/english/us_pron/a/ali/alike/alike.mp3","similar to each other:","The children all look very alike."
"alike","adverb","","əˈlaɪk","əˈlaɪk","/media/english/uk_pron/u/uka/ukali/ukalign002.mp3","/media/english/us_pron/a/ali/alike/alike.mp3","in a similar way:","The twins even dress alike."
"alike","adjective","","","əˈlɑɪk","","/media/english/us_pron/a/ali/alike/alike.mp3","similar; like each other:","You and your father don’t look very much alike."
"alike","adverb","","","əˈlɑɪk","","/media/english/us_pron/a/ali/alike/alike.mp3","equally; both:","She received hundreds of letters of support from friends and strangers alike."
"alive","adjective","","əˈlaɪv","əˈlaɪv","/media/english/uk_pron/u/uka/ukali/ukalign006.mp3","/media/english/us_pron/a/ali/alive/alive.mp3","living, not dead:","She's alive and well and living in New Zealand."
"alive","adjective","","","əˈlɑɪv","","/media/english/us_pron/a/ali/alive/alive.mp3","living; having life; not dead:","I survived the accident with minor injuries, and I was happy to be alive."
"all","determiner","","ɔːl","ɑːl","/media/english/uk_pron/u/uka/ukali/ukalign012.mp3","/media/english/us_pron/a/all/all__/all.mp3","every one (of), or the complete amount or number (of), or the whole (of):","I've been trying all day to contact you."
"all","adverb","","ɔːl","ɑːl","/media/english/uk_pron/u/uka/ukali/ukalign012.mp3","/media/english/us_pron/a/all/all__/all.mp3","completely:","The princess lived all alone in the middle of the forest."
"all","prefix","","ɔːl-","ɑːl-","/media/english/uk_pron/u/uka/ukali/ukalign012.mp3","/media/english/us_pron/a/all/all__/all.mp3","used in front of many nouns to form adjectives meaning ""every"", ""every type of"", or ""the whole of"" that particular thing:","an all-night bar (= a bar that is open for the whole night)"
"all","adjective","","","ɔl","","/media/english/us_pron/a/all/all__/all.mp3","every one of, or the complete number of:","All four of her children are under six."
"all","adverb","","","ɔl","","/media/english/us_pron/a/all/all__/all.mp3","completely:","This coat is all wool."
"all","pronoun","","","ɔl","","/media/english/us_pron/a/all/all__/all.mp3","every one:","All of her children have graduated from high school."
"all right","adjective","","ˌɔːl ˈraɪt","ˌɑːl ˈraɪt","/media/english/uk_pron/u/uka/ukall/ukallev020.mp3","/media/english/us_pron/c/cdo/cdomi/cdomiscusallr0071.mp3","(in a way that is) satisfactory or reasonably good:","I wouldn't say she's rich, but she's doing all right."
"all right","exclamation","","ˌɔːl ˈraɪt","ˌɑːl ˈraɪt","/media/english/uk_pron/u/uka/ukall/ukallev020.mp3","/media/english/us_pron/c/cdo/cdomi/cdomiscusallr0071.mp3","used to greet someone at the same time as asking if they are well:","""All right, John?"" ""Not bad thanks, and you?"""
"all right","adjective","","","ˌɔl ˈrɑɪt","","/media/english/us_pron/c/cdo/cdomi/cdomiscusallr0071.mp3","(in a way that is) satisfactory or acceptable:","The movie was all right – not great, though."
"all right","adverb","","","ˌɔl ˈrɑɪt","","/media/english/us_pron/c/cdo/cdomi/cdomiscusallr0071.mp3","certainly or without any doubt:","""Are you sure he was the guy you saw?” “Oh, he was the guy all right."""
"all right","exclamation","","","ˌɔl ˈrɑɪt","","/media/english/us_pron/c/cdo/cdomi/cdomiscusallr0071.mp3","used to express praise or happiness over what has been said or done:","""Did you hear I won that writing contest?"" ""All right!"""
"allegation","noun","","","","","","a statement, made without giving proof, that someone has done something wrong or illegal:","Several of her patients have made allegations of professional misconduct against her."
"allegation","noun","","","ˌæl·ɪˈɡeɪ·ʃən","","/media/english/us_pron/a/all/alleg/allegation.mp3","a statement, made without giving proof, that someone has done something wrong or illegal:","The allegations of corruption were not true."
"allegation","noun","","","","","","a statement that someone has done something wrong or illegal, but which has not been proved to be true:","The chief executive of the company resigned last autumn over allegations about his expenses."
"allege","verb","","əˈledʒ","əˈledʒ","/media/english/uk_pron/u/uka/ukali/ukalign017.mp3","/media/english/us_pron/a/all/alleg/allege.mp3","to say that someone has done something illegal or wrong without giving proof:","The two men allege (that)"
"allege","verb","","","əˈledʒ","","/media/english/us_pron/a/all/alleg/allege.mp3","to state that something bad is a fact without giving proof:","School districts are alleging the state has not continued to finance schools adequately."
"allege","verb","","əˈledʒ","","/media/english/uk_pron/u/uka/ukali/ukalign017.mp3","","to state that someone has done something illegal or wrong without giving proof:","It is alleged that he used his influential position to steal thousands of pounds of company profits."
"allegedly","adverb","","əˈledʒ.ɪd.li","əˈledʒ.ɪd.li","/media/english/uk_pron/u/uka/ukali/ukalign019.mp3","/media/english/us_pron/a/all/alleg/allegedly.mp3","used when something illegal or wrong is said to have been done, but has not been proved:","That's where he allegedly killed his wife."
"alliance","noun","","","","","","a group of countries, political parties, or people who have agreed to work together because of shared interests or aims:","The Eastern Bloc countries formed a military alliance during the Cold War."
"alliance","noun","","","əˈlɑɪ·əns","","/media/english/us_pron/a/all/allia/alliance.mp3","a group of countries, political parties, or people who work together because of shared interests or aims, or the act of forming such a group:","Switzerland does not belong to any military alliance."
"alliance","noun","","əˈlaɪəns","","/media/english/uk_pron/u/uka/ukall/ukallev005.mp3","","an agreement to work with another person, organization, etc. to try to achieve the same thing:","a business/economic/marketing alliance"
"allocate","verb","","ˈæl.ə.keɪt","ˈæl.ə.keɪt","/media/english/uk_pron/u/uka/ukall/ukallev010.mp3","/media/english/us_pron/a/all/alloc/allocate.mp3","to give something to someone as their share of a total amount, to use in a particular way:","The government is allocating £10 million for"
"allocate","verb","","","ˈæl·əˌkeɪt","","/media/english/us_pron/a/all/alloc/allocate.mp3","to give something as a share of a total amount:","State funds will not be allocated to the program next year."
"allocate","verb","","ˈæləkeɪt","","/media/english/uk_pron/u/uka/ukall/ukallev010.mp3","","to give a particular amount of time, money, etc. to someone or something, so that it can be used in a particular way:","We have allocated €50,000 for printing and mailings."
"allocation","noun","","","","","","the process of giving someone their part of a total amount of something to use in a particular way:","the allocation of resources/funds/time"
"allocation","noun","","","ˌæl·əˈkeɪ·ʃən","","/media/english/us_pron/a/all/alloc/allocation.mp3","the act or process of giving out parts of a whole, or a part given out in this way:","The allocation of space in this office is unusual."
"allocation","noun","","","","","","the act of deciding officially which person, company, area of business, etc. something should be given to, or what share of a total amount of something such as money or time should be given to someone to use in a particular way:","resource/time allocation"
"allow","verb","","əˈlaʊ","əˈlaʊ","/media/english/uk_pron/u/uka/ukall/ukallev015.mp3","/media/english/us_pron/a/all/allow/allow.mp3","to give permission for someone to do something, or to not prevent something from happening:","Do you think Dad will allow you to"
"allow","verb","","","əˈlɑʊ","","/media/english/us_pron/a/all/allow/allow.mp3","to let someone do something or let something happen; permit:","You’re not allowed to talk during the exam."
"allow","verb","","əˈlaʊ","","/media/english/uk_pron/u/uka/ukall/ukallev015.mp3","","to make it possible for someone to do something, or to not prevent something from happening:","The website allows consumers to compare the prices of all energy and telephone providers."
"allowance","noun","","","","","","money that you are given regularly, especially to pay for a particular thing:","The perks of the job include a company pension and a generous travel"
"allowance","noun","","","əˈlɑʊ·əns","","/media/english/us_pron/a/all/allow/allowance.mp3","the amount of something available or needed for a particular purpose:","What is the recommended daily allowance of vitamin A?"
"allowance","noun","","əˈlaʊəns","","/media/english/uk_pron/u/uka/ukall/ukallev017.mp3","","money that someone is given regularly by their employer or by the government to pay for a particular thing:","an accommodation/car/mileage allowance"
"ally","noun","","ˈæl.aɪ","ˈæl.aɪ","/media/english/uk_pron/u/uka/ukall/ukallev030.mp3","/media/english/us_pron/a/all/ally_/ally_01_00.mp3","a country that has agreed officially to give help and support to another one, especially during a war:","During the First World War, Turkey was an ally of Germany."
"ally","noun","","","ˈæl·ɑɪ","","/media/english/us_pron/a/all/ally_/ally_01_00.mp3","a country that has agreed to give help and support to another, esp. during a war, or a person who helps and supports someone else",""
"almost","adverb","","ˈɔːl.məʊst","ˈɑːl.moʊst","/media/english/uk_pron/u/uka/ukall/ukally_007.mp3","/media/english/us_pron/a/alm/almos/almost.mp3","nearly:","She's almost 30."
"almost","adverb","","","ˈɔlˌmoʊst","","/media/english/us_pron/a/alm/almos/almost.mp3","nearly but not quite:","It’ll cost almost as much to repair your computer as to buy a new one."
"alone","adjective","","əˈləʊn","əˈloʊn","/media/english/uk_pron/u/uka/ukall/ukally_013.mp3","/media/english/us_pron/a/alo/alone/alone.mp3","without other people:","He likes being alone in the house."
"alone","adjective","","əˈləʊn","əˈloʊn","/media/english/uk_pron/u/uka/ukall/ukally_013.mp3","/media/english/us_pron/a/alo/alone/alone.mp3","without any others:","She alone needs to decide what to do (= no one else can do it for her)"
"alone","adjective","","","əˈloʊn","","/media/english/us_pron/a/alo/alone/alone.mp3","without other people:","She decided to climb the mountain alone."
"alone","adjective","","","əˈloʊn","","/media/english/us_pron/a/alo/alone/alone.mp3","without any others, or only:","I based my decision on her recommendation alone."
"along","preposition","","əˈlɒŋ","əˈlɑːŋ","/media/english/uk_pron/u/uka/ukall/ukally_014.mp3","/media/english/us_pron/a/alo/along/along.mp3","from one part of a road, river, etc. to another:","a romantic walk along the beach/river"
"along","adverb","","əˈlɒŋ","əˈlɑːŋ","/media/english/uk_pron/u/uka/ukall/ukally_014.mp3","/media/english/us_pron/a/alo/along/along.mp3","moving forward:","We were just walking along, chatting."
"along","preposition","","","əˈlɔŋ","","/media/english/us_pron/a/alo/along/along.mp3","in the same direction as, or beside:","We walked along the canal path."
"along","adverb","","","əˈlɔŋ","","/media/english/us_pron/a/alo/along/along.mp3","toward a direction or goal; forward:","You wait ages for a bus, then three come along all at once."
"alongside","preposition","","əˌlɒŋˈsaɪd","əˈlɑːŋ.saɪd","/media/english/uk_pron/u/uka/ukall/ukally_015.mp3","/media/english/us_pron/a/alo/along/alongside.mp3","next to, or together with:","A car pulled up alongside (ours)."
"alongside","preposition","","","əˈlɔŋˌsɑɪd","","/media/english/us_pron/a/alo/along/alongside.mp3","beside, or together with:","They put out cookies alongside the cake."
"already","adverb","","ɔːlˈred.i","ɑːlˈred.i","/media/english/uk_pron/u/uka/ukall/ukally_028.mp3","/media/english/us_pron/a/alr/alrea/already.mp3","before the present time:","I asked him to come to the exhibition but he'd already seen it."
"already","adverb","","","ɔlˈred·i","","/media/english/us_pron/a/alr/alrea/already.mp3","earlier than the time expected, in a short time, or before the present time:","Are you planning a summer trip already? It’s only September!"
"also","adverb","","ˈɔːl.səʊ","ˈɑːl.soʊ","/media/english/uk_pron/u/uka/ukall/ukally_030.mp3","/media/english/us_pron/a/als/also_/also.mp3","in addition:","She's a photographer and also writes books."
"also","adverb","","","ˈɔl·soʊ","","/media/english/us_pron/a/als/also_/also.mp3","in addition:","She’s a photographer and also writes books."
"alter","verb","","ˈɑːl.tɚ","ˈɑːl.tɚ","/media/english/uk_pron/e/epd/epd31/epd31150.mp3","/media/english/us_pron/a/alt/alter/alter.mp3","to change something, usually slightly, or to cause the characteristics of something to change:","We've had to alter some of our plans."
"alter","verb","","","ˈɔl·tər","","/media/english/us_pron/a/alt/alter/alter.mp3","to change a characteristic, often slightly, or to cause this to happen:","The coat was too long, so I took it back to the store to have it altered."
"alter","verb","","","","","","to change the appearance, character, or structure of something, or to be changed in this way:","Just last week, the company agreed to alter some of its business practices."
"alternative","adjective","","ɒlˈtɜː.nə.tɪv","ɑːlˈtɝː.nə.t̬ɪv","/media/english/uk_pron/u/uka/ukalt/ukaltar009.mp3","/media/english/us_pron/a/alt/alter/alternative.mp3","An alternative plan or method is one that you can use if you do not want to use another one:","The opposition parties have so far failed to set out an alternative strategy."
"alternative","noun","","ɒlˈtɜː.nə.tɪv","ɑːlˈtɝː.nə.t̬ɪv","/media/english/uk_pron/u/uka/ukalt/ukaltar009.mp3","/media/english/us_pron/a/alt/alter/alternative.mp3","something that is different from something else, especially from what is usual, and offering the possibility of choice:","an alternative to coffee"
"alternative","noun","","","ɔlˈtɜr·nə·t̬ɪv","","/media/english/us_pron/a/alt/alter/alternative.mp3","something that is different, esp. from what is usual; a choice:","You can make it look good by comparing it to a crummy alternative."
"alternative","adjective","","","ɔlˈtɜr·nə·t̬ɪv","","/media/english/us_pron/a/alt/alter/alternative.mp3","offering a choice between two or more things:","People stay because they don’t have alternative opportunities."
"although","conjunction","","ɔːlˈðəʊ","ɑːlˈðoʊ","/media/english/uk_pron/u/uka/ukalt/ukaltar012.mp3","/media/english/us_pron/a/alt/altho/although.mp3","despite the fact that:","She walked home by herself, although she knew that it was dangerous."
"although","conjunction","","","ɔlˈðoʊ","","/media/english/us_pron/a/alt/altho/although.mp3","despite the fact that, or despite being:","He decided to go, although I begged him not to."
"altogether","adverb","","ˌɑːl.təˈɡeð.ɚ","ˌɑːl.təˈɡeð.ɚ","/media/english/uk_pron/u/uka/ukalt/ukaltar016.mp3","/media/english/us_pron/a/alt/altog/altogether.mp3","in total:","That'll be $52.50 altogether, please."
"altogether","noun","","ˌɑːl.təˈɡeð.ɚ","ˌɑːl.təˈɡeð.ɚ","/media/english/uk_pron/u/uka/ukalt/ukaltar016.mp3","/media/english/us_pron/a/alt/altog/altogether.mp3","to be naked:","The photos show the princess romping in the altogether in the Caribbean."
"altogether","adverb","","","ˌɔl·təˈɡeð·ər","","/media/english/us_pron/a/alt/altog/altogether.mp3","completely or in total:","The train slowed down and then stopped altogether."
"aluminium","noun","","ˌæl.jəˈmɪn.i.əm","ˌæl.jəˈmɪn.i.əm","/media/english/uk_pron/u/uka/ukalt/ukaltar022.mp3","/media/english/us_pron/c/cal/cald4/cald4us0053.mp3","a chemical element that is a light, silver-coloured metal, used especially for making cooking equipment and aircraft parts:","The car's lightweight chassis is made from aluminium."
"always","adverb","","ˈɔːl.weɪz","ˈɑːl.weɪz","/media/english/uk_pron/u/uka/ukalt/ukaltar027.mp3","/media/english/us_pron/a/alw/alway/always.mp3","every time or all the time:","It's always cold in this room."
"always","adverb","","","ˈɔl·weɪz","","/media/english/us_pron/a/alw/alway/always.mp3","every time, all the time, or forever:","He always enjoyed having dinner with friends."
"amateur","adjective","","ˈæm.ə.tʃɚ","ˈæm.ə.tʃɚ","/media/english/uk_pron/u/uka/ukama/ukamalg007.mp3","/media/english/us_pron/e/eus/eus70/eus70167.mp3","taking part in an activity for pleasure, not as a job:","an amateur astronomer/boxer/historian"
"amateur","noun","","ˈæm.ə.tʃɚ","ˈæm.ə.tʃɚ","/media/english/uk_pron/u/uka/ukama/ukamalg007.mp3","/media/english/us_pron/e/eus/eus70/eus70167.mp3","a person who takes part in an activity for pleasure, not as a job:","This tennis tournament is open to both amateurs and professionals."
"amateur","adjective","","","ˈæm·əˌtʃɜr","","/media/english/us_pron/e/eus/eus70/eus70167.mp3","taking part in an activity for pleasure and not as a job, or (of an activity) done for pleasure and not as a job:","He was an amateur archaeologist."
"amateur","noun","","","ˈæm·əˌtʃɜr","","/media/english/us_pron/e/eus/eus70/eus70167.mp3","An amateur is also someone who lacks skill in doing something:","Some of the people who show up at practice shooting ranges are real amateurs."
"amateur","adjective","","","","","","taking part in an activity because you are interested in it or enjoy it, not as a job:","an amateur investor"
"amateur","noun","","","","","","a person who takes part in an activity because they are interested in it or enjoy it, not as a job:","This conference is open to both amateurs and professionals."
"amazed","adjective","","əˈmeɪzd","əˈmeɪzd","/media/english/uk_pron/u/uka/ukama/ukamalg013.mp3","/media/english/us_pron/u/usa/usama/usamanu005.mp3","extremely surprised:","She was amazed at"
"amazing","adjective","","əˈmeɪ.zɪŋ","əˈmeɪ.zɪŋ","/media/english/uk_pron/u/uka/ukama/ukamalg015.mp3","/media/english/us_pron/a/ama/amazi/amazing.mp3","extremely surprising:","This stain remover really works - it's amazing!"
"amazing","adjective","","","əˈmeɪ·zɪŋ","","/media/english/us_pron/a/ama/amazi/amazing.mp3","making someone feel extremely surprised:","It’s pretty amazing how much top athletes get paid."
"ambassador","noun","","æmˈbæs.ə.dɚ","æmˈbæs.ə.dɚ","/media/english/uk_pron/u/uka/ukama/ukamalg019.mp3","/media/english/us_pron/a/amb/ambas/ambassador.mp3","an important official who works in a foreign country representing his or her own country there, and who is officially accepted in this position by that country:","She's a former ambassador to the United States."
"ambassador","noun","","","æmˈbæs·ə·dər","","/media/english/us_pron/a/amb/ambas/ambassador.mp3","an official who represents his or her own country in a foreign country:","the US ambassador to Sweden"
"ambition","noun","","","","","","a strong wish to achieve something:","I've always had a burning (= very great)"
"ambition","noun","","","æmˈbɪʃ·ən","","/media/english/us_pron/a/amb/ambit/ambition.mp3","a strong desire for success, achievement, power, or wealth:","His presidential ambitions were frustrated in the 1980s."
"ambition","noun","","","","","","a strong wish to achieve a particular thing:","After his heart attack, he abandoned his ambition to become CEO."
"ambitious","adjective","","æmˈbɪʃ.əs","æmˈbɪʃ.əs","/media/english/uk_pron/u/uka/ukama/ukamalg030.mp3","/media/english/us_pron/a/amb/ambit/ambitious.mp3","having a strong wish to be successful, powerful, or rich:","He's very ambitious for his children (= he wants them to be successful)"
"ambitious","adjective","","","æmˈbɪʃ·əs","","/media/english/us_pron/a/amb/ambit/ambitious.mp3","having a strong desire for success, achievement, power, or wealth:","Even as a young man he was ambitious and self-assured."
"ambitious","adjective","","æmˈbɪʃəs","","/media/english/uk_pron/u/uka/ukama/ukamalg030.mp3","","having a strong wish to be successful:","an ambitious young lawyer"
"ambulance","noun","","ˈæm.bjə.ləns","ˈæm.bjə.ləns","/media/english/uk_pron/u/uka/ukamb/ukambit007.mp3","/media/english/us_pron/a/amb/ambul/ambulance.mp3","a special vehicle used to take sick or injured people to hospital:","I called"
"ambulance","noun","","","ˈæm·bjə·ləns","","/media/english/us_pron/a/amb/ambul/ambulance.mp3","a special vehicle equipped to take people who are injured or ill to the hospital",""
"amend","verb","","əˈmend","əˈmend","/media/english/uk_pron/u/uka/ukamb/ukambit018.mp3","/media/english/us_pron/a/ame/amend/amend.mp3","to change the words of a text, especially a law or a legal document:","MPs were urged to amend the law to prevent another oil tanker disaster."
"amend","verb","","","əˈmend","","/media/english/us_pron/a/ame/amend/amend.mp3","to change the words of something written, esp. a law or a legal document:","The terms of the contract were amended in later years."
"amend","verb","","əˈmend","","/media/english/uk_pron/u/uka/ukamb/ukambit018.mp3","","to change something, especially the words of a text:","They were too hasty to amend or drop initiatives that did not work immediately."
"amendment","noun","","əˈmend.mənt","əˈmend.mənt","/media/english/uk_pron/u/uka/ukamb/ukambit019.mp3","/media/english/us_pron/a/ame/amend/amendment.mp3","a change or changes made to the words of a text:","He insisted that the book did not need amendment."
"amendment","noun","","","əˈmend·mənt","","/media/english/us_pron/a/ame/amend/amendment.mp3","a change or addition to the US constitution:","the First/Fifth/Fourteenth amendment"
"amendment","noun","","əˈmendmənt","","/media/english/uk_pron/u/uka/ukamb/ukambit019.mp3","","a change made to something, especially the words of a text:","He insisted that the speech did not need any amendment."
"amid","preposition","","əˈmɪd","əˈmɪd","/media/english/uk_pron/u/uka/ukami/ukamiab005.mp3","/media/english/us_pron/a/ami/amid_/amid.mp3","in the middle of or surrounded by:","On the floor, amid mounds of books, were two small envelopes."
"amid","preposition","","","əˈmɪd","","/media/english/us_pron/a/ami/amid_/amid.mp3","in the middle of or surrounded by; among:","We camped that night in a shallow valley amid low hills."
"among","preposition","","əˈmʌŋ","əˈmʌŋ","/media/english/uk_pron/u/uka/ukami/ukamiab023.mp3","/media/english/us_pron/a/amo/among/among.mp3","in the middle of or surrounded by other things:","I saw a few familiar faces among the crowd."
"among","preposition","","","əˈmʌŋ","","/media/english/us_pron/a/amo/among/among.mp3","in the middle of or surrounded by:","She felt lonely among all these strange people."
"amount","noun","","əˈmaʊnt","əˈmaʊnt","/media/english/uk_pron/u/uka/ukamo/ukamort005.mp3","/media/english/us_pron/a/amo/amoun/amount.mp3","a collection or mass, especially of something that cannot be counted:","They didn't deliver the right amount of sand."
"amount","noun","","","əˈmɑʊnt","","/media/english/us_pron/a/amo/amoun/amount.mp3","the degree to which something is a lot or a little; how much something is:","She’s made a tremendous amount of progress since the accident."
"amount","noun","","əˈmaʊnt","","/media/english/uk_pron/u/uka/ukamo/ukamort005.mp3","","a quantity of money:","You can make a considerable amount for only a few hours' work."
"amusing","adjective","","əˈmjuː.zɪŋ","əˈmjuː.zɪŋ","/media/english/uk_pron/u/uka/ukamu/ukamusi001.mp3","/media/english/us_pron/a/amu/amusi/amusing.mp3","entertaining and funny:","an amusing story/person/situation"
"analogy","noun","","əˈnæl.ə.dʒi","əˈnæl.ə.dʒi","/media/english/uk_pron/u/uka/ukamu/ukamusi022.mp3","/media/english/us_pron/a/ana/analo/analogy.mp3","a comparison between things that have similar features, often used to help explain a principle or idea:","He drew"
"analogy","noun","","","əˈnæl·ə·dʒi","","/media/english/us_pron/a/ana/analo/analogy.mp3","a comparison of the features or qualities of two different things to show their similarities:","He was explaining that the mind has no form and is invisible, and that a useful analogy is of the mind being like the sky."
"analyse","verb","","","","","","to study or examine something in detail in order to discover or understand more about it:","Researchers analysed the purchases of 6,300 households."
"analyse","verb","","","","","","to study or examine something in detail, in order to discover more about it:","Researchers analysed the purchases of 6300 households."
"analysis","noun","","əˈnæl.ə.sɪs","əˈnæl.ə.sɪs","/media/english/uk_pron/u/uka/ukamu/ukamusi025.mp3","/media/english/us_pron/a/ana/analy/analysis.mp3","the act of studying or examining something in detail, in order to discover or understand more about it, or your opinion and judgment after doing this:","Our financial experts conducted an independent analysis of the investment plan's performance."
"analysis","noun","","","əˈnæl·ə·sɪs","","/media/english/us_pron/a/ana/analy/analysis.mp3","the process of studying or examining something in an organized way to learn more about it, or a particular study of something:","Chemical analysis of the woman’s dress revealed traces of blood."
"analysis","noun","","əˈnæləsɪs","əˈnæləsiːz","/media/english/uk_pron/u/uka/ukamu/ukamusi025.mp3","/media/english/us_pron/a/ana/analy/analysis.mp3","the study of something in detail:","We carried out an analysis of visitors to the website by age, sex, and region."
"analyst","noun","","ˈæn.ə.lɪst","ˈæn.ə.lɪst","/media/english/uk_pron/u/uka/ukamu/ukamusi026.mp3","/media/english/us_pron/a/ana/analy/analyst.mp3","someone whose job is to study or examine something in detail, in order to discover or understand more about it and often to make predictions (= statements about what will happen in the future) relating to it :","Some business analysts have warned of reduced profit margins."
"analyst","noun","","","","","","a person whose job is to study or examine something in an organized way:","She is a financial analyst (= someone who studies financial investments)"
"analyst","noun","","","","","","someone whose job is to study or examine something in detail:","a financial/food/political analyst"
"ancestor","noun","","ˈæn.ses.tɚ","ˈæn.ses.tɚ","/media/english/uk_pron/u/uka/ukana/ukanarc007.mp3","/media/english/us_pron/a/anc/ances/ancestor.mp3","a person related to you who lived a long time ago:","There were portraits of his ancestors on the walls of the room."
"ancestor","noun","","","ˈænˌses·tər","","/media/english/us_pron/a/anc/ances/ancestor.mp3","any member of your family from long ago, for example, the grandparents of your grandparents:","He returned to Ecuador, where his mother’s ancestors lived."
"anchor","noun","","ˈæŋ.kɚ","ˈæŋ.kɚ","/media/english/uk_pron/u/uka/ukana/ukanarc010.mp3","/media/english/us_pron/a/anc/ancho/anchor.mp3","a heavy metal object, usually shaped like a cross with curved arms, on a strong rope or chain, that is dropped from a boat into the water to prevent the boat from moving away:","The missing boat was last seen at anchor off the North Wales coast."
"anchor","verb","","ˈæŋ.kɚ","ˈæŋ.kɚ","/media/english/uk_pron/u/uka/ukana/ukanarc010.mp3","/media/english/us_pron/a/anc/ancho/anchor.mp3","to lower an anchor into the water in order to stop a boat from moving away",""
"anchor","noun","","","ˈæŋ·kər","","/media/english/us_pron/a/anc/ancho/anchor.mp3","a heavy metal object attached to a boat by a rope or chain that, when dropped into the water and resting on the bottom, keeps the boat from moving:","We dropped the anchor and took out our fishing rods."
"anchor","verb","","","ˈæŋ·kər","","","to keep a boat from moving by dropping a heavy metal object attached to it by a rope or chain into the water so that it rests on the bottom:","We anchored our sailboat near the shore."
"ancient","adjective","","","","","","of or from a long time ago, having lasted for a very long time:","History, ancient and modern, has taught these people an intense distrust of their neighbours."
"ancient","adjective","","","ˈeɪn·ʃənt","","/media/english/us_pron/a/anc/ancie/ancient.mp3","of or from a very long time ago:","Archaeologists study the remains of ancient civilizations."
"and","conjunction","","ænd","ænd","/media/english/uk_pron/u/uka/ukana/ukanarc018.mp3","/media/english/us_pron/a/and/and__/and.mp3","used to join two words, phrases, parts of sentences, or related statements together:","Ann and Jim"
"and","conjunction","","","ænd","","/media/english/us_pron/a/and/and__/and.mp3","(used to join two words, phrases, or parts of sentences) in addition to; also:","boys and girls"
"angel","noun","","","","","","a spiritual being in some religions who is believed to be a messenger of God, usually represented as having a human form with wings:","According to the Bible, an angel told Mary that she would have God's son, Jesus."
"angel","noun","","","ˈeɪn·dʒəl","","/media/english/us_pron/a/ang/angel/angel.mp3","in some religious traditions, a being in heaven who serves God, often represented in art as a human with wings",""
"angel","noun","","","","","","→ angel investor",""
"anger","noun","","ˈæŋ.ɡɚ","ˈæŋ.ɡɚ","/media/english/uk_pron/u/uka/ukang/ukangel006.mp3","/media/english/us_pron/a/ang/anger/anger.mp3","a strong feeling that makes you want to hurt someone or be unpleasant because of something unfair or unkind that has happened:","I think he feels a lot of anger towards his father, who treated him very badly as a child."
"anger","verb","","ˈæŋ.ɡɚ","ˈæŋ.ɡɚ","/media/english/uk_pron/u/uka/ukang/ukangel006.mp3","/media/english/us_pron/a/ang/anger/anger.mp3","to make someone angry:","The remark angered him."
"anger","noun","","","ˈæŋ·ɡər","","/media/english/us_pron/a/ang/anger/anger.mp3","the feeling people get when something unfair, painful, or bad happens:","You need to control your anger."
"angle","noun","","","","","","the space between two lines or surfaces at the point at which they touch each other, measured in degrees:","The interior angles of a square are right angles or angles of 90 degrees."
"angle","verb","","","","","","to aim, turn, or position something in a direction that is not horizontal or vertical:","The stage had been steeply angled (= was sloping very noticeably)"
"angle","noun","","","ˈæŋ·ɡəl","","/media/english/us_pron/a/ang/angle/angle.mp3","the space measured in degrees between two lines or surfaces from the point where they meet:","The angles of a square are 90 degrees."
"angle","verb","","","ˈæŋ·ɡəl","","/media/english/us_pron/a/ang/angle/angle.mp3","to turn, or to move something so that it is not in a straight line or in the center:","The path angles to the left."
"angry","adjective","","ˈæŋ.ɡri","ˈæŋ.ɡri","/media/english/uk_pron/u/uka/ukang/ukangel024.mp3","/media/english/us_pron/a/ang/angry/angry.mp3","having a strong feeling against someone who has behaved badly, making you want to shout at them or hurt them:","He's really angry at/with"
"angry","adjective","","","ˈæŋ·ɡri","","/media/english/us_pron/a/ang/angry/angry.mp3","having the feeling people get when something unfair, painful, or bad happens:","an angry mob"
"animal","noun","","","","","","something that lives and moves but is not a human, bird, fish, or insect:","wild/domestic animals"
"animal","adjective","","","","","","made or obtained from an animal or animals:","animal products"
"animal","noun","","","ˈæn·ə·məl","","/media/english/us_pron/a/ani/anima/animal.mp3","a living thing that can move and eat and react to the world through its senses, esp. of sight and hearing:","Mammals, insects, reptiles, and birds are all animals."
"animal","adjective","","","ˈæn·ə·məl","","/media/english/us_pron/a/ani/anima/animal.mp3","relating to physical needs or desires, such as to eat or reproduce:","Animal instincts apply to all animals, including humans."
"animation","noun","","","","","","enthusiasm and energy:","She spoke with great animation about her latest discoveries."
"animation","noun","","","ˌæn·əˈmeɪ·ʃən","","/media/english/us_pron/a/ani/anima/animation.mp3","energy and enthusiasm:","Her voice was full of animation."
"ankle","noun","","","","","","the joint (= place where two bones are connected) between the foot and the leg, or the thin part of the leg just above the foot:","I fell over and twisted my ankle."
"ankle","noun","","","ˈæŋ·kəl","","/media/english/us_pron/a/ank/ankle/ankle.mp3","the joint connecting the foot to the leg, or the thin part of the leg just above the foot",""
"anniversary","noun","","ˌæn.əˈvɝː.sɚ.i","ˌæn.əˈvɝː.sɚ.i","/media/english/uk_pron/u/uka/ukani/ukanima025.mp3","/media/english/us_pron/a/ann/anniv/anniversary.mp3","the day on which an important event happened in a previous year:","We always celebrate our wedding"
"anniversary","noun","","","ˌæn·əˈvɜr·sə·ri","","/media/english/us_pron/a/ann/anniv/anniversary.mp3","a day when we remember or celebrate something important that happened on that day in a previous year:","To celebrate our wedding anniversary, we gave a big party."
"announce","verb","","əˈnaʊns","əˈnaʊns","/media/english/uk_pron/u/uka/ukani/ukanima029.mp3","/media/english/us_pron/a/ann/annou/announce.mp3","to make something known or tell people about something officially:","They announced the death of their mother in the local paper."
"announce","verb","","","əˈnɑʊns","","/media/english/us_pron/a/ann/annou/announce.mp3","to state officially or make known publicly:","She announced her resignation last Monday."
"announcement","noun","","əˈnaʊns.mənt","əˈnaʊns.mənt","/media/english/uk_pron/u/uka/ukani/ukanima030.mp3","/media/english/us_pron/a/ann/annou/announcement.mp3","something that someone says officially, giving information about something:","The president made"
"annoy","verb","","əˈnɔɪ","əˈnɔɪ","/media/english/uk_pron/u/uka/ukann/ukannou002.mp3","/media/english/us_pron/a/ann/annoy/annoy.mp3","to make someone angry:","Tina really annoyed me in the meeting this morning."
"annoy","verb","","","əˈnɔɪ","","/media/english/us_pron/a/ann/annoy/annoy.mp3","to make someone slightly angry or upset:","I know you’re doing this only to annoy me."
"annoyed","adjective","","əˈnɔɪd","əˈnɔɪd","/media/english/uk_pron/u/uka/ukann/ukannou004.mp3","/media/english/us_pron/a/ann/annoy/annoyed.mp3","angry:","I was so annoyed with"
"annoying","adjective","","əˈnɔɪ.ɪŋ","əˈnɔɪ.ɪŋ","/media/english/uk_pron/u/uka/ukann/ukannou005.mp3","/media/english/us_pron/a/ann/annoy/annoying.mp3","making you feel slightly angry:","It's really annoying when a train is late and there's no explanation."
"annual","adjective","","ˈæn.ju.əl","ˈæn.ju.əl","/media/english/uk_pron/u/uka/ukann/ukannou007.mp3","/media/english/us_pron/a/ann/annua/annual.mp3","happening once every year:","an annual event/visit/holiday"
"annual","noun","","ˈæn.ju.əl","ˈæn.ju.əl","/media/english/uk_pron/u/uka/ukann/ukannou007.mp3","/media/english/us_pron/a/ann/annua/annual.mp3","a book or magazine published once a year, especially for children, with the same title and style but different contents",""
"annual","adjective","","","ˈæn·ju·əl","","/media/english/us_pron/a/ann/annua/annual.mp3","of or for a period of one year:","an annual salary"
"annual","noun","","","ˈæn·ju·əl","","/media/english/us_pron/a/ann/annua/annual.mp3","a plant that grows, produces seeds, and dies within one year",""
"annual","adjective","","ˈænjuəl","","/media/english/uk_pron/u/uka/ukann/ukannou007.mp3","","happening once every year, or relating to a period of one year:","The group hopes to turn the seminar into an annual event."
"annually","adverb","","ˈæn.ju.ə.li","ˈæn.ju.ə.li","/media/english/uk_pron/u/uka/ukann/ukannou009.mp3","/media/english/us_pron/a/ann/annua/annually.mp3","once every year:","Your starting salary is £23,000 per annum and will be reviewed annually."
"annually","adverb","","","ˈæn·ju·ə·li","","/media/english/us_pron/a/ann/annua/annually.mp3","every year:","The hospital spends $1.1 million annually for its computer operations."
"annually","adverb","","ˈænjuəli","","/media/english/uk_pron/u/uka/ukann/ukannou009.mp3","","every year:","Your starting salary is £20,000 per annum and will be reviewed annually."
"anonymous","adjective","","əˈnɒn.ɪ.məs","əˈnɑː.nə.məs","/media/english/uk_pron/u/uka/ukann/ukannou027.mp3","/media/english/us_pron/a/ano/anony/anonymous.mp3","made or done by someone whose name is not known or not made public:","The money was donated by an anonymous benefactor"
"anonymous","adjective","","","əˈnɑn·ə·məs","","/media/english/us_pron/a/ano/anony/anonymous.mp3","(made or done by someone) with a name that is not known or not made public:","an anonymous donor"
"another","determiner","","əˈnʌð.ɚ","əˈnʌð.ɚ","/media/english/uk_pron/u/uka/ukano/ukanore004.mp3","/media/english/us_pron/a/ano/anoth/another.mp3","one more person or thing or an extra amount:","I'm going to have another piece of cake."
"another","adjective","","","əˈnʌð·ər","","/media/english/us_pron/a/ano/anoth/another.mp3","one more (person or thing) or an additional (amount):","We have two tickets and need another (one)."
"answer","noun","","ˈæn.sɚ","ˈæn.sɚ","/media/english/uk_pron/u/uka/ukano/ukanore006.mp3","/media/english/us_pron/a/ans/answe/answer.mp3","a reaction to a question, letter, phone call, etc.:","In answer to your letter of 30 May, I am writing to accept your offer of £3,575 in compensation."
"answer","verb","","ˈæn.sɚ","ˈæn.sɚ","/media/english/uk_pron/u/uka/ukano/ukanore006.mp3","/media/english/us_pron/a/ans/answe/answer.mp3","to say, write, or do something as a reaction to a question, letter, etc.:","You still haven't answered my question: why do you need to borrow my car?"
"answer","noun","","","ˈæn·sər","","/media/english/us_pron/a/ans/answe/answer.mp3","something said or written in reaction to a question or statement:","If you are asking me if I want to go into business with you, the answer is no."
"anticipate","verb","","ænˈtɪs.ɪ.peɪt","ænˈtɪs.ə.peɪt","/media/english/uk_pron/u/uka/ukant/ukantep026.mp3","/media/english/us_pron/a/ant/antic/anticipate.mp3","to imagine or expect that something will happen:","We don't anticipate any trouble."
"anticipate","verb","","","ænˈtɪs·əˌpeɪt","","/media/english/us_pron/a/ant/antic/anticipate.mp3","to imagine or expect that something will happen, sometimes taking action in preparation for it:","No job cuts are anticipated under the new ownership."
"anticipate","verb","","ænˈtɪsɪpeɪt","","/media/english/uk_pron/u/uka/ukant/ukantep026.mp3","","to imagine or expect that something will happen:","It's always best to anticipate problems before they arise."
"anxiety","noun","","æŋˈzaɪ.ə.ti","æŋˈzaɪ.ə.t̬i","/media/english/uk_pron/u/uka/ukant/ukantis011.mp3","/media/english/us_pron/a/anx/anxie/anxiety.mp3","an uncomfortable feeling of nervousness or worry about something that is happening or might happen in the future:","Children normally feel a lot of anxiety about"
"anxiety","noun","","","æŋˈzɑɪ·ɪ·t̬i","","/media/english/us_pron/a/anx/anxie/anxiety.mp3","an uncomfortable feeling of worry about something that is happening or might happen, or a cause of this:","For many children, every new school year causes anxiety."
"anxious","adjective","","ˈæŋk.ʃəs","ˈæŋk.ʃəs","/media/english/uk_pron/u/uka/ukant/ukantis012.mp3","/media/english/us_pron/a/anx/anxio/anxious.mp3","worried and nervous:","My mother always gets a bit anxious if we don't arrive when we say we will."
"anxious","adjective","","","ˈæŋk·ʃəs","","/media/english/us_pron/a/anx/anxio/anxious.mp3","wanting very much for something to happen; eager:","I’ve been anxious to meet you."
"any","determiner","","ˈen.i","ˈen.i","/media/english/uk_pron/u/uka/ukant/ukantis014.mp3","/media/english/us_pron/a/any/any__/any.mp3","some, or even the smallest amount or number of:","Is there any of that lemon cake left?"
"any","adverb","","ˈen.i","ˈen.i","/media/english/uk_pron/u/uka/ukant/ukantis014.mp3","/media/english/us_pron/a/any/any__/any.mp3","at all or in the least:","Can't you run any faster?"
"any","adjective","","","ˈen·i","","/media/english/us_pron/a/any/any__/any.mp3","(used in negative statements and questions) some, or even the smallest amount (of):","We didn’t have any idea what the airfare would be."
"any","adverb","","","ˈen·i","","/media/english/us_pron/a/any/any__/any.mp3","at all or in the least:","I can’t say any more."
"any more","adverb","","ˌen.iˈmɔːr","ˌen.iˈmɔːr","/media/english/uk_pron/u/uka/ukant/ukantis017.mp3","/media/english/us_pron/a/any/anymo/anymore.mp3","If you do not do something or something does not happen anymore, you have stopped doing it or it does not now happen:","I don't do yoga anymore."
"any more","adverb","","","ˌen·iˈmɔr","","/media/english/us_pron/a/any/anymo/anymore.mp3","(used esp. in negative statements) any longer:","I don’t know who to trust anymore."
"anybody","pronoun","","ˈen.iˌbɒd.i","ˈen.iˌbɑː.di","/media/english/uk_pron/u/uka/ukant/ukantis015.mp3","/media/english/us_pron/a/any/anybo/anybody.mp3","→ anyone",""
"anybody","pronoun","","","ˈen·iˌbɑd·i","","/media/english/us_pron/a/any/anybo/anybody.mp3","anyone:","Does anybody have change for a $10 bill?"
"anyone","pronoun","","ˈen.i.wʌn","ˈen.i.wʌn","/media/english/uk_pron/u/uka/ukant/ukantis018.mp3","/media/english/us_pron/a/any/anyon/anyone.mp3","used in questions and negatives to mean ""a person or people"":","I haven't spoken to anyone all day."
"anyone","pronoun","","","ˈen·iˌwʌn","","/media/english/us_pron/a/any/anyon/anyone.mp3","any person whatever, or (esp. in negative statements and questions) a person, but without saying which person:","Hello, is anyone home?"
"anything","pronoun","","ˈen.i.θɪŋ","ˈen.i.θɪŋ","/media/english/uk_pron/u/uka/ukant/ukantis021.mp3","/media/english/us_pron/a/any/anyth/anything.mp3","used in questions and negatives to mean ""something"":","Is there anything I can do to help?"
"anything","pronoun","","","ˈen·iˌθɪŋ","","/media/english/us_pron/a/any/anyth/anything.mp3","any event, act, or object whatever, or (esp. in negative statements or questions) something:","Is there anything I can do to help?"
"anyway","adverb","","ˈen.i.weɪ","ˈen.i.weɪ","/media/english/uk_pron/u/uka/ukant/ukantis023.mp3","/media/english/us_pron/a/any/anywa/anyway.mp3","whatever else is happening, without considering other things:","Of course I don't mind taking you home - I'm going that way anyway."
"anyway","adverb","","","ˈen·iˌweɪ","","/media/english/us_pron/a/any/anywa/anyway.mp3","not considering other facts or conditions; considered independently, without being influenced by other things:","Of course I don’t mind taking you home – I’m going that way anyway."
"anywhere","adverb","","ˈen.i.wer","ˈen.i.wer","/media/english/uk_pron/u/uka/ukant/ukantis025.mp3","/media/english/us_pron/a/any/anywh/anywhere.mp3","in, to, or at any place:","You won't find a better plumber anywhere in England."
"anywhere","adverb","","","ˈen·iˌhweər","","/media/english/us_pron/a/any/anywh/anywhere.mp3","in, to, or at any place whatever or (esp. in negative statements and questions) a place, but without saying which place:","I can’t find my scarf anywhere."
"apart","adverb","","əˈpɑːt","əˈpɑːrt","/media/english/uk_pron/u/uka/ukant/ukantis030.mp3","/media/english/us_pron/a/apa/apart/apart.mp3","separated by a distance or by time:","Stand with your feet wide apart."
"apart","adjective","","əˈpɑːt","əˈpɑːrt","/media/english/uk_pron/u/uka/ukant/ukantis030.mp3","/media/english/us_pron/a/apa/apart/apart.mp3","living or staying in a different place from the person that you are married to or have a close relationship with:","When you're apart you rely so heavily on the phone."
"apart","adverb","","","əˈpɑrt","","/media/english/us_pron/a/apa/apart/apart.mp3","separated by a distance:","Stand with your feet wide apart and bend from the waist."
"apartment","noun","","əˈpɑːt.mənt","əˈpɑːrt.mənt","/media/english/uk_pron/u/uka/ukapa/ukapart002.mp3","/media/english/us_pron/a/apa/apart/apartment.mp3","a set of rooms for living in, especially on one floor of a building:","I'll give you the keys to my apartment."
"apartment","noun","","","əˈpɑrt·mənt","","/media/english/us_pron/a/apa/apart/apartment.mp3","a set of rooms for living in that includes a kitchen and a bathroom:","They lived in a six-room apartment on the eighth floor."
"apartment","noun","","əˈpɑːtmənt","","/media/english/uk_pron/u/uka/ukapa/ukapart002.mp3","","a set of rooms for living in that are part of a larger building and are usually all on one floor:","He rents an apartment near his workplace."
"apologize","verb","","əˈpɒl.ə.dʒaɪz","əˈpɑː.lə.dʒaɪz","/media/english/uk_pron/u/uka/ukapo/ukapolo001.mp3","/media/english/us_pron/a/apo/apolo/apologize.mp3","to tell someone that you are sorry for having done something that has caused problems or unhappiness for them:","I must apologize to Isobel for my lateness."
"apologize","verb","","","əˈpɑl·əˌdʒɑɪz","","/media/english/us_pron/a/apo/apolo/apologize.mp3","to tell someone that you are sorry for something that has caused inconvenience or unhappiness:","She apologized for her husband’s rudeness."
"apology","noun","","əˈpɒl.ə.dʒi","əˈpɑː.lə.dʒi","/media/english/uk_pron/u/uka/ukapo/ukapolo002.mp3","/media/english/us_pron/a/apo/apolo/apology.mp3","an act of saying that you are sorry for something wrong you have done:","I have an apology to make"
"apology","noun","","","əˈpɑl·ə·dʒi","","/media/english/us_pron/a/apo/apolo/apology.mp3","an act of saying that you are sorry:","I have an apology to make to you – I opened your letter by mistake."
"apology","noun","","əˈpɒlədʒi","","/media/english/uk_pron/u/uka/ukapo/ukapolo002.mp3","","the act of saying sorry or a message that says sorry:","An apology and a refund are being sent to the customer."
"app","noun","","æp","æp","/media/english/uk_pron/c/cbe/cbedu/cbeduk00327.mp3","/media/english/us_pron/c/cbe/cbedu/cbedus00327.mp3","abbreviation for application: a computer program that is designed for a particular purpose:","You can run an app on your PC that will find the files and burn them to a CD."
"app","noun","","æp","","/media/english/uk_pron/c/cbe/cbedu/cbeduk00327.mp3","","abbreviation for application or application program: a computer program that is designed for a particular purpose:","After plugging the unit into your wired network, you run a little app on your PC that searches the network to locate the camera."
"apparatus","noun","","ˌæp.əˈreɪ.təs","ˌæp.əˈræt̬.əs","/media/english/uk_pron/u/uka/ukapo/ukapolo018.mp3","/media/english/us_pron/e/eus/eus70/eus70281.mp3","a set of equipment or tools or a machine that is used for a particular purpose:","a piece of"
"apparatus","noun","","","ˌæp·əˈræt̬·əs","","/media/english/us_pron/e/eus/eus70/eus70281.mp3","a set of equipment, tools, or a machine that is used for a particular purpose:","The garage had an apparatus to lift cars up."
"apparent","adjective","","","","","","able to be seen or understood:","Her unhappiness was apparent to"
"apparent","adjective","","","əˈpær·ənt","","/media/english/us_pron/a/app/appar/apparent.mp3","able to be seen or understood:","It was becoming increasingly apparent that he could no longer look after himself."
"apparently","adverb","","","","","","used to say you have read or been told something although you are not certain it is true:","Apparently it's going to rain today."
"apparently","adverb","","","əˈpær·ənt·li","","/media/english/us_pron/a/app/appar/apparently.mp3","according to what seems to be true or what is likely, based on what you know:","The computer trouble was apparently caused by a programming error."
"appeal","noun","","əˈpiːl","əˈpiːl","/media/english/uk_pron/u/uka/ukapo/ukapolo023.mp3","/media/english/us_pron/a/app/appea/appeal.mp3","a request to the public for money, information, or help:","They're launching (= starting)"
"appeal","verb","","əˈpiːl","əˈpiːl","/media/english/uk_pron/u/uka/ukapo/ukapolo023.mp3","/media/english/us_pron/a/app/appea/appeal.mp3","to make a serious or formal request, especially to the public, for money, information, or help:","They're appealing for clothes and blankets to send to the devastated region."
"appeal","verb","","","əˈpil","","/media/english/us_pron/a/app/appea/appeal.mp3","to be interesting or attractive:","Such music managed to appeal to the tastes of both young and old."
"appeal","noun","","","əˈpil","","/media/english/us_pron/a/app/appea/appeal.mp3","the quality of being interesting or attractive:","Eating out has lost much of its appeal."
"appeal","noun","","əˈpiːl","","/media/english/uk_pron/u/uka/ukapo/ukapolo023.mp3","","a request to a law court or other official organization to change a previous decision:","He has 28 days to lodge an appeal in the High Court."
"appeal","verb","","əˈpiːl","","/media/english/uk_pron/u/uka/ukapo/ukapolo023.mp3","","to ask a higher law court to consider again a decision made by a lower court, especially in order to reduce or prevent a punishment:","They're appealing to the High Court to reduce the fine."
"appealing","adjective","","əˈpiː.lɪŋ","əˈpiː.lɪŋ","/media/english/uk_pron/u/uka/ukapo/ukapolo024.mp3","/media/english/us_pron/a/app/appea/appealing.mp3","attractive or interesting:","The idea of not having to get up early every morning is rather appealing (to"
"appealing","adjective","","","əˈpi·lɪŋ","","/media/english/us_pron/a/app/appea/appealing.mp3","interesting and attractive:","The package describing European tours certainly made them seem appealing."
"appear","verb","","əˈpɪr","əˈpɪr","/media/english/uk_pron/u/uka/ukapo/ukapolo025.mp3","/media/english/us_pron/a/app/appea/appear.mp3","to start to be seen or to be present:","He suddenly appeared in the doorway."
"appear","verb","","","əˈpɪər","","/media/english/us_pron/a/app/appea/appear.mp3","to become noticeable or to be present:","At this point the ferry boat suddenly appeared."
"appearance","noun","","","","","","an occasion when someone appears in public:","It was his first appearance on television/television appearance as"
"appearance","noun","","","əˈpɪər·əns","","/media/english/us_pron/a/app/appea/appearance.mp3","the way a person or thing looks or seems to other people:","The most striking feature of his appearance was his long hair."
"appetite","noun","","ˈæp.ə.taɪt","ˈæp.ə.taɪt","/media/english/uk_pron/u/uka/ukapp/ukappen009.mp3","/media/english/us_pron/a/app/appet/appetite.mp3","the feeling that you want to eat food:","All that walking has given me an appetite."
"appetite","noun","","","ˈæp·ɪˌtɑɪt","","/media/english/us_pron/a/app/appet/appetite.mp3","a desire or need for something, esp. food:","a good/healthy appetite"
"applaud","verb","","əˈplɔːd","əˈplɑːd","/media/english/uk_pron/u/uka/ukapp/ukappen012.mp3","/media/english/us_pron/a/app/appla/applaud.mp3","to show enjoyment or approval of something such as a performance or speech by clapping the hands repeatedly to make a noise:","You should have heard the audience applaud - the noise was fantastic."
"applaud","verb","","","əˈplɔd","","/media/english/us_pron/a/app/appla/applaud.mp3","to show your enjoyment or approval of something such as a performance by clapping your hands repeatedly",""
"apple","noun","","","","","","a round fruit with firm, white flesh and a green, red, or yellow skin:","to peel an apple"
"apple","noun","","","ˈæp·əl","","/media/english/us_pron/a/app/apple/apple.mp3","a round, edible fruit having a red, green, or yellow skin, or the tree on which it grows",""
"applicable","adjective","","","","","","affecting or relating to a person or thing:","This part of the law is only applicable to"
"applicable","adjective","","əˈplɪkəbl","","/media/english/uk_pron/u/uka/ukapp/ukappen018.mp3","","affecting or relating to someone or something:","The company will help with moving expenses where applicable."
"applicant","noun","","ˈæp.lɪ.kənt","ˈæp.lə.kənt","/media/english/uk_pron/u/uka/ukapp/ukappen019.mp3","/media/english/us_pron/a/app/appli/applicant.mp3","a person who formally requests something, especially a job, or to study at a college or university:","How many applicants did you have for"
"applicant","noun","","","ˈæp·lɪ·kənt","","/media/english/us_pron/a/app/appli/applicant.mp3","a person who formally requests something, such as a job or admission to a college or university",""
"applicant","noun","","ˈæplɪkənt","","/media/english/uk_pron/u/uka/ukapp/ukappen019.mp3","","someone who has applied for a job, a place on a course, etc.:","Many applicants simply don't meet hiring requirements."
"application","noun","","","","","","an official request for something, usually in writing:","a letter of"
"application","noun","","","ˌæp·lɪˈkeɪ·ʃən","","/media/english/us_pron/a/app/appli/application.mp3","a particular use",""
"application","noun","","","","","","an official request for a job, a place on a course, etc., usually in writing:","We received over 250 applications for the post."
"apply","verb","","əˈplaɪ","əˈplaɪ","/media/english/uk_pron/u/uka/ukapp/ukappen024.mp3","/media/english/us_pron/a/app/apply/apply.mp3","to request something, usually officially, especially in writing or by sending in a form:","We've applied for a grant to get funding for the project."
"apply","verb","","","əˈplɑɪ","","/media/english/us_pron/a/app/apply/apply.mp3","to request something, usually officially, esp. by writing or by sending in a form:","to apply for a job/loan"
"apply","verb","","əˈplaɪ","","/media/english/uk_pron/u/uka/ukapp/ukappen024.mp3","","to officially ask for something such as a job, a place on a course, or a loan, usually by completing a special form or writing a letter:","Please apply before April 4th."
"appoint","verb","","əˈpɔɪnt","əˈpɔɪnt","/media/english/uk_pron/u/uka/ukapp/ukappen025.mp3","/media/english/us_pron/a/app/appoi/appoint.mp3","to choose someone officially for a job or responsibility:","We've appointed three new teachers this year."
"appoint","verb","","","əˈpɔɪnt","","/media/english/us_pron/a/app/appoi/appoint.mp3","to choose someone officially for a job or responsibility:","Commissioner Curtis was appointed by President Bush."
"appoint","verb","","əˈpɔɪnt","","/media/english/uk_pron/u/uka/ukapp/ukappen025.mp3","","to choose someone officially for a job or responsibility:","They still have not appointed his replacement."
"appointment","noun","","əˈpɔɪnt.mənt","əˈpɔɪnt.mənt","/media/english/uk_pron/u/uka/ukapp/ukappen028.mp3","/media/english/us_pron/a/app/appoi/appointment.mp3","a formal arrangement to meet or visit someone at a particular time and place:","I have a dental appointment tomorrow morning."
"appointment","noun","","","əˈpɔɪnt·mənt","","/media/english/us_pron/a/app/appoi/appointment.mp3","a formal arrangement to meet or visit someone at a particular time and place:","I have a doctor’s appointment tomorrow."
"appointment","noun","","əˈpɔɪntmənt","","/media/english/uk_pron/u/uka/ukapp/ukappen028.mp3","","a formal arrangement to meet or visit someone at a particular time and place:","What time is your appointment with the bank manager?"
"appreciate","verb","","əˈpriː.ʃi.eɪt","əˈpriː.ʃi.eɪt","/media/english/uk_pron/u/uka/ukapp/ukappra007.mp3","/media/english/us_pron/a/app/appre/appreciate.mp3","to recognize how good someone or something is and to value them or it:","There's no point buying him expensive wines - he doesn't appreciate them."
"appreciate","verb","","","əˈpri·ʃiˌeɪt","","/media/english/us_pron/a/app/appre/appreciate.mp3","to be aware of something, or to understand that something is valuable:","I appreciate that this is a difficult decision for you."
"appreciate","verb","","əˈpriːʃieɪt","","/media/english/uk_pron/u/uka/ukapp/ukappra007.mp3","","to increase in value:","His property has appreciated as much as 40% in two years."
"appreciation","noun","","","","","","the act of recognizing or understanding that something is valuable, important, or as described:","The crowd cheered in appreciation."
"appreciation","noun","","","əˌpri·ʃiˈeɪ·ʃən","","/media/english/us_pron/a/app/appre/appreciation.mp3","the act of recognizing someone's worth as a person or showing that you are grateful for something that person has done:","""I’d just like a little appreciation,"" she sobbed."
"appreciation","noun","","","","","","an increase in value:","At 17.55%, the state's house-price appreciation was nearly triple the national rate."
"approach","verb","","əˈprəʊtʃ","əˈproʊtʃ","/media/english/uk_pron/u/uka/ukapp/ukappra018.mp3","/media/english/us_pron/a/app/appro/approach.mp3","to come near or nearer to something or someone in space, time, quality, or amount:","We could just see the train approaching in the distance."
"approach","noun","","əˈprəʊtʃ","əˈproʊtʃ","/media/english/uk_pron/u/uka/ukapp/ukappra018.mp3","/media/english/us_pron/a/app/appro/approach.mp3","a way of considering or doing something:","Since our research so far has not produced any answers to this problem, we need to adopt"
"approach","verb","","","əˈproʊtʃ","","/media/english/us_pron/a/app/appro/approach.mp3","to come nearer to something or someone:","We could see the train approaching from a distance."
"approach","noun","","","əˈproʊtʃ","","/media/english/us_pron/a/app/appro/approach.mp3","(of a person or object) the act of coming near to someone or something, or (of an event) the state of being about to happen soon:","The approach of winter sends many birds flying south."
"approach","noun","","əˈprəʊtʃ","","/media/english/uk_pron/u/uka/ukapp/ukappra018.mp3","","a way of doing something:","Their positive approach to absence management played a large part in helping the organization return to profitability."
"appropriate","adjective","","əˈprəʊ.pri.ət","əˈproʊ.pri.ət","/media/english/uk_pron/u/uka/ukapp/ukappra022.mp3","/media/english/us_pron/a/app/appro/appropriate_01_00.mp3","suitable or right for a particular situation or occasion:","appropriate footwear for the country"
"appropriate","verb","","əˈprəʊ.pri.eɪt","əˈproʊ.pri.eɪt","/media/english/uk_pron/u/uka/ukapp/ukappra021.mp3","/media/english/us_pron/a/app/appro/appropriate_02_00.mp3","to take something for your own use, usually without permission:","He lost his job when he was found to have appropriated some of the company's money."
"appropriate","adjective","","","əˈproʊ·pri·ət","","/media/english/us_pron/a/app/appro/appropriate_01_00.mp3","correct or right for a particular situation or occasion:","Punishment should be appropriate to the crime."
"appropriate","verb","","","əˈproʊ·priˌeɪt","","/media/english/us_pron/a/app/appro/appropriate_02_00.mp3","to take and use for a purpose:","The state appropriated funds for more clinics."
"appropriately","adverb","","əˈprəʊ.pri.ət.li","əˈproʊ.pri.ət.li","/media/english/uk_pron/u/uka/ukapp/ukappra023.mp3","/media/english/us_pron/a/app/appro/appropriately.mp3","in a way that is suitable or right for a particular situation or occasion:","She didn't think we were appropriately dressed for a wedding."